customer_name,Recency,Frequency,Monetary,Customer_Segment,Predicted_Risk
Aaron Bergman,17,37,24646.0,Regular Customers,Medium Risk
Aaron Hawkins,13,34,20759.0,Potential Loyalists,Medium Risk
Aaron Smayling,24,31,14207.0,Regular Customers,Medium Risk
Adam Bellavance,36,41,20189.0,At Risk,High Risk
Adam Hart,3,42,21720.0,Champions,Low Risk
Adam Shillingsburg,16,36,15445.0,Regular Customers,Medium Risk
Adrian Barton,28,40,25125.0,At Risk,High Risk
Adrian Hane,22,26,11406.0,Regular Customers,Medium Risk
Adrian Shami,42,24,11287.0,Lost Customers,High Risk
Aimee Bixby,36,28,16205.0,Regular Customers,Medium Risk
Alan Barnes,14,35,13053.0,Regular Customers,Medium Risk
Alan Dominguez,6,30,18538.0,Potential Loyalists,Medium Risk
Alan Haines,50,34,15281.0,At Risk,High Risk
Alan Hwang,7,38,23641.0,Champions,Low Risk
Alan Schoenberger,3,35,21837.0,Champions,Low Risk
Alan Shonely,13,36,10692.0,Loyal Customers,Low Risk
Alejandro Ballentine,6,39,15463.0,Loyal Customers,Low Risk
Alejandro Grove,14,33,13419.0,Regular Customers,Medium Risk
Alejandro Savely,19,43,21124.0,Regular Customers,Medium Risk
Aleksandra Gannaway,3,30,14715.0,Potential Loyalists,Medium Risk
Alex Avila,3,26,15993.0,Potential Loyalists,Medium Risk
Alex Grayson,3,36,15071.0,Loyal Customers,Low Risk
Alex Russell,30,35,16469.0,At Risk,High Risk
Alice McCarthy,16,39,18765.0,Regular Customers,Medium Risk
Allen Armold,7,31,6537.0,Regular Customers,Medium Risk
Allen Goldenen,113,23,8928.0,Lost Customers,High Risk
Allen Rosenblatt,55,28,9529.0,Lost Customers,High Risk
Alyssa Crouse,7,33,12296.0,Regular Customers,Medium Risk
Alyssa Tate,13,36,14945.0,Loyal Customers,Low Risk
Amy Cox,6,26,17155.0,Potential Loyalists,Medium Risk
Amy Hunt,71,24,9202.0,Lost Customers,High Risk
Andrew Allen,126,25,19758.0,Regular Customers,Medium Risk
Andrew Gjertsen,49,40,16381.0,At Risk,High Risk
Andrew Roberts,15,39,16914.0,Regular Customers,Medium Risk
Andy Gerbode,13,27,11339.0,Regular Customers,Medium Risk
Andy Reiter,7,23,8545.0,Regular Customers,Medium Risk
Andy Yotov,15,27,8542.0,Regular Customers,Medium Risk
Anemone Ratner,3,27,11492.0,Regular Customers,Medium Risk
Angele Hood,22,31,11357.0,Regular Customers,Medium Risk
Ann Blume,8,27,18727.0,Potential Loyalists,Medium Risk
Ann Chong,7,36,15027.0,Loyal Customers,Low Risk
Ann Steele,34,30,11818.0,Lost Customers,High Risk
Anna Andreadi,29,47,17312.0,At Risk,High Risk
Anna Chung,3,25,8932.0,Regular Customers,Medium Risk
Anna Gayman,48,31,15392.0,Regular Customers,Medium Risk
Anna Häberlin,31,36,18093.0,At Risk,High Risk
Anne McFarland,26,36,25522.0,At Risk,High Risk
Anne Pryor,38,26,16360.0,Regular Customers,Medium Risk
Annie Thurman,3,34,13385.0,Regular Customers,Medium Risk
Annie Zypern,27,28,11871.0,Lost Customers,High Risk
Anthony Garverick,29,35,11687.0,At Risk,High Risk
Anthony Jacobs,2,37,17757.0,Loyal Customers,Low Risk
Anthony Johnson,37,32,12284.0,At Risk,High Risk
Anthony O'Donnell,8,32,15025.0,Potential Loyalists,Medium Risk
Anthony Rawles,23,45,17339.0,Regular Customers,Medium Risk
Anthony Witt,17,32,15143.0,Regular Customers,Medium Risk
Arianne Irving,14,26,9281.0,Regular Customers,Medium Risk
Art Ferguson,6,45,28183.0,Champions,Low Risk
Art Foster,54,37,20064.0,At Risk,High Risk
Arthur Gainer,24,33,19871.0,At Risk,High Risk
Arthur Prichep,77,37,18546.0,At Risk,High Risk
Arthur Wiediger,36,28,11016.0,Lost Customers,High Risk
Ashley Jarboe,29,36,15949.0,At Risk,High Risk
Astrea Jones,49,27,13259.0,Lost Customers,High Risk
Barbara Fisher,23,30,9838.0,Regular Customers,Medium Risk
Barry Blumstein,15,37,9883.0,Regular Customers,Medium Risk
Barry Franz,9,27,24082.0,Potential Loyalists,Medium Risk
Barry Französisch,16,31,13206.0,Regular Customers,Medium Risk
Barry Gonzalez,29,34,20023.0,At Risk,High Risk
Barry Pond,6,30,10389.0,Regular Customers,Medium Risk
Barry Weirich,23,23,17440.0,Regular Customers,Medium Risk
Bart Folk,26,27,13942.0,Lost Customers,High Risk
Bart Pistole,3,38,10087.0,Loyal Customers,Low Risk
Bart Watters,55,45,32315.0,At Risk,High Risk
Becky Castell,30,34,15186.0,At Risk,High Risk
Becky Martin,9,35,27173.0,Loyal Customers,Low Risk
Becky Pak,33,30,14811.0,Regular Customers,Medium Risk
Ben Ferrer,17,37,23219.0,Regular Customers,Medium Risk
Ben Peterman,2,38,16809.0,Champions,Low Risk
Ben Wallace,41,33,14965.0,At Risk,High Risk
Benjamin Farhat,27,32,13370.0,At Risk,High Risk
Benjamin Patterson,40,31,18714.0,Regular Customers,Medium Risk
Benjamin Venier,45,25,21366.0,Regular Customers,Medium Risk
Berenike Kampe,27,33,13586.0,At Risk,High Risk
Beth Fritzler,7,30,10588.0,Regular Customers,Medium Risk
Beth Paige,13,33,12827.0,Regular Customers,Medium Risk
Beth Thompson,29,34,11631.0,At Risk,High Risk
Bill Donatelli,6,38,15276.0,Loyal Customers,Low Risk
Bill Eplett,36,42,28480.0,At Risk,High Risk
Bill Overfelt,22,26,8093.0,Regular Customers,Medium Risk
Bill Shonely,1,31,23511.0,Potential Loyalists,Medium Risk
Bill Stewart,29,28,18776.0,Regular Customers,Medium Risk
Bill Tyler,29,28,11798.0,Lost Customers,High Risk
Bobby Elias,22,37,18411.0,Regular Customers,Medium Risk
Bobby Odegard,2,29,15029.0,Potential Loyalists,Medium Risk
Bobby Trafton,52,31,10400.0,At Risk,High Risk
Brad Eason,4,29,18986.0,Potential Loyalists,Medium Risk
Brad Norvell,12,36,26200.0,Loyal Customers,Low Risk
Brad Thomas,31,38,11683.0,At Risk,High Risk
Bradley Drucker,20,30,13142.0,Regular Customers,Medium Risk
Bradley Nguyen,10,31,12878.0,Regular Customers,Medium Risk
Bradley Talbott,34,32,15343.0,At Risk,High Risk
Brenda Bowman,29,31,16007.0,At Risk,High Risk
Brendan Dodson,8,24,10920.0,Regular Customers,Medium Risk
Brendan Murry,35,34,12055.0,At Risk,High Risk
Brendan Sweed,36,28,12179.0,Lost Customers,High Risk
Brian Dahlen,98,24,9890.0,Lost Customers,High Risk
Brian DeCherney,50,36,10772.0,At Risk,High Risk
Brian Derr,10,34,16917.0,Potential Loyalists,Low Risk
Brian Moss,34,32,17459.0,At Risk,High Risk
Brian Stugart,30,31,22573.0,At Risk,High Risk
Brian Thompson,19,26,14896.0,Regular Customers,Medium Risk
Brooke Gillingham,10,24,11213.0,Regular Customers,Medium Risk
Brosina Hoffman,24,41,28120.0,At Risk,High Risk
Bruce Degenhardt,5,43,15959.0,Loyal Customers,Low Risk
Bruce Geld,7,28,15381.0,Potential Loyalists,Medium Risk
Bruce Stewart,2,34,19234.0,Potential Loyalists,Low Risk
Bryan Davis,36,31,13571.0,At Risk,High Risk
Bryan Mills,3,45,20689.0,Champions,Low Risk
Bryan Spruell,10,30,17253.0,Potential Loyalists,Medium Risk
Candace McMahon,41,28,14798.0,Regular Customers,Medium Risk
Cari MacIntyre,7,37,21608.0,Loyal Customers,Low Risk
Cari Sayre,16,34,22067.0,Regular Customers,Medium Risk
Cari Schnelling,51,30,12179.0,Lost Customers,High Risk
Carl Jackson,14,29,13972.0,Regular Customers,Medium Risk
Carl Ludwig,14,40,18180.0,Regular Customers,Medium Risk
Carl Weiss,9,29,14357.0,Potential Loyalists,Medium Risk
Carlos Daly,3,31,20117.0,Potential Loyalists,Medium Risk
Carlos Meador,37,25,10148.0,Lost Customers,High Risk
Carlos Soltero,26,36,14936.0,At Risk,High Risk
Carol Adams,19,34,23993.0,Regular Customers,Medium Risk
Carol Darley,2,30,13232.0,Regular Customers,Medium Risk
Carol Triggs,29,29,14139.0,Regular Customers,Medium Risk
Caroline Jumper,34,29,19582.0,Regular Customers,Medium Risk
Cassandra Brandow,10,30,13529.0,Regular Customers,Medium Risk
Catherine Glotzbach,22,24,4116.0,Regular Customers,Medium Risk
Cathy Armstrong,14,25,12293.0,Regular Customers,Medium Risk
Cathy Hwang,90,29,15667.0,Regular Customers,Medium Risk
Cathy Prescott,70,33,19770.0,At Risk,High Risk
Chad Cunningham,52,30,12522.0,Lost Customers,High Risk
Chad McGuire,9,23,16566.0,Potential Loyalists,Medium Risk
Chad Sievert,12,26,12348.0,Regular Customers,Medium Risk
Charles Crestani,83,30,13350.0,Lost Customers,High Risk
Charles McCrossin,27,31,20156.0,At Risk,High Risk
Charles Sheldon,58,34,20050.0,At Risk,High Risk
Charlotte Melton,1,29,12827.0,Regular Customers,Medium Risk
Chloris Kastensmidt,5,43,14572.0,Loyal Customers,Low Risk
Chris Cortes,21,44,11483.0,Regular Customers,Medium Risk
Chris McAfee,43,27,11621.0,Lost Customers,High Risk
Chris Selesnick,3,34,14418.0,Loyal Customers,Low Risk
Christina Anderson,35,38,21835.0,At Risk,High Risk
Christina DeMoss,13,31,17986.0,Potential Loyalists,Medium Risk
Christina VanderZanden,40,29,10327.0,Lost Customers,High Risk
Christine Abelman,14,26,7803.0,Regular Customers,Medium Risk
Christine Kargatis,1,35,13055.0,Loyal Customers,Low Risk
Christine Phan,9,34,25157.0,Loyal Customers,Low Risk
Christine Sundaresam,7,40,10546.0,Loyal Customers,Low Risk
Christopher Conant,7,39,35187.0,Champions,Low Risk
Christopher Martinez,38,29,22460.0,Regular Customers,Medium Risk
Christopher Schild,2,28,12516.0,Regular Customers,Medium Risk
Christy Brittain,27,27,13938.0,Lost Customers,High Risk
Chuck Clark,1,31,15040.0,Potential Loyalists,Medium Risk
Chuck Magee,16,29,13715.0,Regular Customers,Medium Risk
Chuck Sachs,7,31,22759.0,Potential Loyalists,Medium Risk
Cindy Chapman,17,37,20866.0,Regular Customers,Medium Risk
Cindy Schnelling,3,33,12775.0,Regular Customers,Medium Risk
Cindy Stewart,28,23,13432.0,Lost Customers,High Risk
Claire Gute,29,25,14662.0,Regular Customers,Medium Risk
Claudia Bergmann,8,29,18261.0,Potential Loyalists,Medium Risk
Clay Cheatham,28,30,9345.0,Lost Customers,High Risk
Clay Ludtke,6,36,19784.0,Loyal Customers,Low Risk
Clay Rozendal,23,25,11759.0,Regular Customers,Medium Risk
Clytie Kelty,44,36,17141.0,At Risk,High Risk
Corey Catlett,17,32,17604.0,Regular Customers,Medium Risk
Corey Roper,44,37,22354.0,At Risk,High Risk
Corey-Lock,5,30,13049.0,Regular Customers,Medium Risk
Corinna Mitchell,28,30,15580.0,Regular Customers,Medium Risk
Craig Carreira,17,34,11497.0,Regular Customers,Medium Risk
Craig Carroll,55,25,16815.0,Regular Customers,Medium Risk
Craig Leslie,9,35,19378.0,Loyal Customers,Low Risk
Craig Molinari,42,26,11230.0,Lost Customers,High Risk
Craig Reiter,6,35,20848.0,Champions,Low Risk
Craig Yedwab,61,35,14220.0,At Risk,High Risk
Cyma Kinney,38,38,10596.0,At Risk,High Risk
Cynthia Arntzen,94,30,19834.0,Regular Customers,Medium Risk
Cynthia Delaney,77,32,14500.0,At Risk,High Risk
Cynthia Voltz,5,27,14857.0,Potential Loyalists,Medium Risk
Cyra Reiten,56,32,15657.0,At Risk,High Risk
Damala Kotsonis,22,43,20961.0,Regular Customers,Medium Risk
Dan Campbell,35,38,13439.0,At Risk,High Risk
Dan Lawera,58,41,12690.0,At Risk,High Risk
Dan Reichenbach,4,40,16705.0,Champions,Low Risk
Dana Kaydos,46,28,19638.0,Regular Customers,Medium Risk
Daniel Byrd,3,35,15392.0,Loyal Customers,Low Risk
Daniel Lacy,38,28,12201.0,Lost Customers,High Risk
Daniel Raglin,28,41,27932.0,At Risk,High Risk
Dario Medina,13,41,22297.0,Champions,Low Risk
Darren Budd,58,15,9681.0,Lost Customers,High Risk
Darren Koutras,2,36,14903.0,Loyal Customers,Low Risk
Darren Powers,15,41,15980.0,Regular Customers,Medium Risk
Darrin Martin,3,36,17733.0,Loyal Customers,Low Risk
Darrin Sayre,49,32,13283.0,At Risk,High Risk
Darrin Van Huff,20,37,22749.0,Regular Customers,Medium Risk
Dave Brooks,9,34,25550.0,Loyal Customers,Low Risk
Dave Hallsten,76,35,16191.0,At Risk,High Risk
Dave Kipp,9,39,19456.0,Loyal Customers,Low Risk
Dave Poirier,7,31,25901.0,Potential Loyalists,Medium Risk
David Bremer,6,20,6275.0,Regular Customers,Medium Risk
David Flashing,10,22,11540.0,Regular Customers,Medium Risk
David Kendrick,11,36,17559.0,Loyal Customers,Low Risk
David Philippe,8,31,23730.0,Potential Loyalists,Medium Risk
David Smith,15,33,13634.0,Regular Customers,Medium Risk
David Wiener,7,30,10930.0,Regular Customers,Medium Risk
Dean Braden,8,34,14132.0,Loyal Customers,Low Risk
Dean Katz,2,37,10652.0,Loyal Customers,Low Risk
Dean percer,19,35,22833.0,Regular Customers,Medium Risk
Deanra Eno,20,30,12799.0,Regular Customers,Medium Risk
Deborah Brumfield,10,27,12578.0,Regular Customers,Medium Risk
Debra Catini,19,27,16972.0,Regular Customers,Medium Risk
Deirdre Greer,15,34,16715.0,Regular Customers,Medium Risk
Delfina Latchford,19,33,20252.0,Regular Customers,Medium Risk
Denise Leinenbach,13,37,17936.0,Loyal Customers,Low Risk
Denise Monton,3,33,22051.0,Potential Loyalists,Medium Risk
Dennis Bolton,48,30,10610.0,Lost Customers,High Risk
Dennis Kane,5,36,20103.0,Champions,Low Risk
Dennis Pardue,1,33,11661.0,Regular Customers,Medium Risk
Denny Blanton,29,28,16634.0,Regular Customers,Medium Risk
Denny Joy,2,32,22561.0,Potential Loyalists,Medium Risk
Denny Ordway,37,42,18797.0,At Risk,High Risk
Dianna Arnett,14,29,15248.0,Regular Customers,Medium Risk
Dianna Vittorini,14,25,16951.0,Regular Customers,Medium Risk
Dianna Wilson,56,35,23456.0,At Risk,High Risk
Dionis Lloyd,23,32,16648.0,Regular Customers,Medium Risk
Don Jones,7,38,21395.0,Champions,Low Risk
Don Miller,36,25,11836.0,Lost Customers,High Risk
Don Weiss,13,24,14384.0,Potential Loyalists,Medium Risk
Dorothy Badders,6,25,10384.0,Regular Customers,Medium Risk
Dorothy Dickinson,42,32,11071.0,At Risk,High Risk
Dorothy Wardle,6,41,12606.0,Loyal Customers,Low Risk
Dorris liebe,6,30,14720.0,Potential Loyalists,Medium Risk
Doug Bickford,28,32,12855.0,At Risk,High Risk
Doug Jacobs,13,33,13852.0,Regular Customers,Medium Risk
Doug O'Connell,27,30,13772.0,Lost Customers,High Risk
Duane Benoit,13,23,13604.0,Regular Customers,Medium Risk
Duane Huffman,21,29,12477.0,Regular Customers,Medium Risk
Duane Noonan,13,29,14915.0,Potential Loyalists,Medium Risk
Ed Braxton,49,33,15525.0,At Risk,High Risk
Ed Jacobs,50,30,10699.0,Lost Customers,High Risk
Ed Ludwig,27,34,14209.0,At Risk,High Risk
Edward Becker,33,26,9428.0,Lost Customers,High Risk
Edward Hooks,3,38,21272.0,Champions,Low Risk
Edward Nazzal,15,28,7072.0,Regular Customers,Medium Risk
Eileen Kiefer,45,23,7124.0,Lost Customers,High Risk
Eleni McCrary,59,29,14584.0,Regular Customers,Medium Risk
Elizabeth Moffitt,56,32,14508.0,At Risk,High Risk
Ellis Ballard,3,31,21986.0,Potential Loyalists,Medium Risk
Elpida Rittenbach,54,26,17131.0,Regular Customers,Medium Risk
Emily Burns,16,24,7037.0,Regular Customers,Medium Risk
Emily Ducich,16,39,18549.0,Regular Customers,Medium Risk
Emily Grady,23,32,23114.0,Regular Customers,Medium Risk
Emily Phan,13,36,16770.0,Loyal Customers,Low Risk
Eric Barreto,8,27,11967.0,Regular Customers,Medium Risk
Eric Hoffmann,58,36,10351.0,At Risk,High Risk
Eric Murdock,3,45,28085.0,Champions,Low Risk
Erica Bern,1,41,16119.0,Loyal Customers,Low Risk
Erica Hackney,34,32,9481.0,At Risk,High Risk
Erica Hernandez,3,35,13008.0,Loyal Customers,Low Risk
Erica Smith,1,39,14719.0,Loyal Customers,Low Risk
Erin Ashbrook,94,34,11521.0,At Risk,High Risk
Erin Creighton,54,26,6731.0,Lost Customers,High Risk
Erin Mull,17,26,15321.0,Regular Customers,Medium Risk
Erin Smith,29,33,18160.0,At Risk,High Risk
Eudokia Martin,9,26,13723.0,Regular Customers,Medium Risk
Eugene Barchas,21,34,16085.0,Regular Customers,Medium Risk
Eugene Hildebrand,23,44,22424.0,Regular Customers,Medium Risk
Eugene Moren,25,36,23411.0,At Risk,High Risk
Eva Jacobs,23,28,14957.0,Regular Customers,Medium Risk
Evan Bailliet,20,29,8006.0,Regular Customers,Medium Risk
Evan Henry,68,37,16377.0,At Risk,High Risk
Evan Minnotte,42,27,19672.0,Regular Customers,Medium Risk
Filia McAdams,8,37,17287.0,Loyal Customers,Low Risk
Frank Atkinson,23,35,14350.0,Regular Customers,Medium Risk
Frank Carlisle,43,29,12410.0,Lost Customers,High Risk
Frank Gastineau,35,27,9704.0,Lost Customers,High Risk
Frank Hawley,5,28,13686.0,Regular Customers,Medium Risk
Frank Merwin,3,38,16388.0,Champions,Low Risk
Frank Olsen,23,47,17775.0,Regular Customers,Medium Risk
Frank Preis,24,34,10760.0,At Risk,High Risk
Fred Chung,108,27,9323.0,Lost Customers,High Risk
Fred Harton,2,23,10766.0,Regular Customers,Medium Risk
Fred Hopkins,2,39,30404.0,Champions,Low Risk
Fred McMath,2,27,7441.0,Regular Customers,Medium Risk
Fred Wasserman,1,34,18194.0,Loyal Customers,Low Risk
Gary Hansen,21,45,15269.0,Regular Customers,Medium Risk
Gary Hwang,19,41,24629.0,Regular Customers,Medium Risk
Gary McGarr,2,34,16518.0,Loyal Customers,Low Risk
Gary Mitchum,17,21,11011.0,Regular Customers,Medium Risk
Gary Zandusky,8,43,24700.0,Champions,Low Risk
Gene Hale,52,25,15488.0,Regular Customers,Medium Risk
Gene McClure,105,28,11003.0,Lost Customers,High Risk
George Ashbrook,23,31,13806.0,Regular Customers,Medium Risk
George Bell,34,30,12183.0,Lost Customers,High Risk
George Zrebassa,31,30,15294.0,Regular Customers,Medium Risk
Georgia Rosenberg,50,30,13850.0,Lost Customers,High Risk
Giulietta Baptist,14,30,12570.0,Regular Customers,Medium Risk
Giulietta Dortch,6,33,18705.0,Potential Loyalists,Medium Risk
Giulietta Weimer,15,33,18071.0,Regular Customers,Medium Risk
Grace Kelly,13,28,19982.0,Potential Loyalists,Medium Risk
Grant Thornton,10,27,20226.0,Potential Loyalists,Medium Risk
Greg Guthrie,34,33,13901.0,At Risk,High Risk
Greg Hansen,2,38,13997.0,Loyal Customers,Low Risk
Greg Matthias,2,37,13600.0,Loyal Customers,Low Risk
Greg Maxwell,48,26,15355.0,Regular Customers,Medium Risk
Greg Tran,9,34,35552.0,Loyal Customers,Low Risk
Guy Armstrong,3,28,10285.0,Regular Customers,Medium Risk
Guy Phonely,2,33,15403.0,Potential Loyalists,Medium Risk
Guy Thornton,1,31,9061.0,Regular Customers,Medium Risk
Hallie Redmond,14,26,15680.0,Regular Customers,Medium Risk
Harold Dahlen,43,36,20070.0,At Risk,High Risk
Harold Engle,7,35,10993.0,Loyal Customers,Low Risk
Harold Pawlan,31,29,8517.0,Lost Customers,High Risk
Harold Ryan,52,24,10034.0,Lost Customers,High Risk
Harry Greene,13,39,24217.0,Champions,Low Risk
Harry Marie,2,41,28477.0,Champions,Low Risk
Heather Jas,6,38,15435.0,Loyal Customers,Low Risk
Heather Kirkland,44,33,15541.0,At Risk,High Risk
Helen Abelman,14,28,16930.0,Regular Customers,Medium Risk
Helen Andreada,21,31,10414.0,Regular Customers,Medium Risk
Helen Wasserman,35,35,18372.0,At Risk,High Risk
Henia Zydlo,36,28,12487.0,Lost Customers,High Risk
Henry Goldwyn,24,39,17168.0,At Risk,High Risk
Henry MacAllister,26,34,17128.0,At Risk,High Risk
Herbert Flentye,15,36,11813.0,Regular Customers,Medium Risk
Hilary Holden,55,27,15229.0,Regular Customers,Medium Risk
Hunter Glantz,7,36,16214.0,Loyal Customers,Low Risk
Hunter Lopez,31,24,30246.0,Regular Customers,Medium Risk
Ionia McGrath,16,22,9480.0,Regular Customers,Medium Risk
Irene Maddox,41,34,19919.0,At Risk,High Risk
Ivan Gibson,2,37,16151.0,Loyal Customers,Low Risk
Ivan Liston,117,32,12853.0,At Risk,High Risk
Jack Garza,6,28,15708.0,Potential Loyalists,Medium Risk
Jack Lebron,9,40,18673.0,Loyal Customers,Low Risk
Jack O'Briant,6,29,13348.0,Regular Customers,Medium Risk
James Galang,2,40,21554.0,Champions,Low Risk
James Lanier,7,32,14847.0,Potential Loyalists,Medium Risk
Jamie Frazer,7,36,20576.0,Loyal Customers,Low Risk
Jamie Kunitz,62,29,12533.0,Lost Customers,High Risk
Jane Waco,13,40,30288.0,Champions,Low Risk
Janet Lee,2,28,20479.0,Potential Loyalists,Medium Risk
Janet Martin,7,29,18017.0,Potential Loyalists,Medium Risk
Janet Molinari,38,33,16168.0,At Risk,High Risk
Jas O'Carroll,15,25,8819.0,Regular Customers,Medium Risk
Jason Fortune-,57,32,22817.0,At Risk,High Risk
Jason Gross,3,29,13570.0,Regular Customers,Medium Risk
Jason Klamczynski,78,31,17200.0,At Risk,High Risk
Jasper Cacioppo,35,35,18443.0,At Risk,High Risk
Jay Fein,14,31,10818.0,Regular Customers,Medium Risk
Jay Kimmel,2,33,13401.0,Regular Customers,Medium Risk
Jenna Caffey,9,34,16161.0,Loyal Customers,Low Risk
Jennifer Braxton,8,41,15258.0,Loyal Customers,Low Risk
Jennifer Ferguson,3,34,22947.0,Champions,Low Risk
Jennifer Halladay,6,40,12692.0,Loyal Customers,Low Risk
Jennifer Jackson,20,25,12191.0,Regular Customers,Medium Risk
Jennifer Patt,37,36,14212.0,At Risk,High Risk
Jeremy Ellison,28,30,6818.0,Lost Customers,High Risk
Jeremy Farry,5,37,10722.0,Loyal Customers,Low Risk
Jeremy Lonsdale,31,25,11362.0,Lost Customers,High Risk
Jeremy Pistek,9,30,18659.0,Potential Loyalists,Medium Risk
Jessica Myrick,15,25,7789.0,Regular Customers,Medium Risk
Jesus Ocampo,13,28,8209.0,Regular Customers,Medium Risk
Jill Fjeld,2,35,23621.0,Champions,Low Risk
Jill Matthias,1,29,14181.0,Potential Loyalists,Medium Risk
Jill Stevenson,6,24,10142.0,Regular Customers,Medium Risk
Jim Epp,43,32,13952.0,At Risk,High Risk
Jim Karlsson,2,35,17121.0,Loyal Customers,Low Risk
Jim Kriz,1,30,13071.0,Regular Customers,Medium Risk
Jim Mitchum,9,42,19899.0,Loyal Customers,Low Risk
Jim Radford,13,26,15925.0,Potential Loyalists,Medium Risk
Jim Sink,41,31,16281.0,At Risk,High Risk
Jocasta Rupert,8,24,11242.0,Regular Customers,Medium Risk
Joe Elijah,10,43,22452.0,Champions,Low Risk
Joe Kamberova,49,40,26689.0,At Risk,High Risk
Joel Eaton,33,42,21905.0,At Risk,High Risk
Joel Jenkins,3,34,19993.0,Champions,Low Risk
John Castell,2,30,12298.0,Regular Customers,Medium Risk
John Dryer,16,29,11591.0,Regular Customers,Medium Risk
John Grady,1,40,22219.0,Champions,Low Risk
John Huston,14,38,25947.0,Regular Customers,Medium Risk
John Lee,22,37,25979.0,Regular Customers,Medium Risk
John Lucas,45,26,10503.0,Lost Customers,High Risk
John Murray,69,35,22386.0,At Risk,High Risk
John Stevenson,12,26,12189.0,Regular Customers,Medium Risk
Jonathan Doherty,3,38,19481.0,Champions,Low Risk
Jonathan Howell,41,40,16544.0,At Risk,High Risk
Joni Blumstein,10,27,13339.0,Regular Customers,Medium Risk
Joni Sundaresam,6,28,6809.0,Regular Customers,Medium Risk
Joni Wasserman,6,32,10949.0,Regular Customers,Medium Risk
Joseph Airdo,1,32,18169.0,Potential Loyalists,Medium Risk
Joseph Holt,12,45,20939.0,Champions,Low Risk
Joy Bell-,2,39,24011.0,Champions,Low Risk
Joy Daniels,43,32,11346.0,At Risk,High Risk
Joy Smith,22,36,20793.0,Regular Customers,Medium Risk
Julia Barnett,1,34,17087.0,Loyal Customers,Low Risk
Julia Dunbar,66,28,11228.0,Lost Customers,High Risk
Julia West,2,29,20598.0,Potential Loyalists,Medium Risk
Juliana Krohn,9,38,23136.0,Champions,Low Risk
Julie Creighton,58,34,14996.0,At Risk,High Risk
Julie Kriz,98,32,15648.0,At Risk,High Risk
Julie Prescott,27,42,14594.0,At Risk,High Risk
Justin Deggeller,1,34,23618.0,Champions,Low Risk
Justin Ellison,21,28,12910.0,Regular Customers,Medium Risk
Justin Hirsh,28,40,23918.0,At Risk,High Risk
Justin MacKendrick,13,33,9027.0,Regular Customers,Medium Risk
Justin Ritter,19,27,13625.0,Regular Customers,Medium Risk
Kalyca Meade,1,21,8643.0,Regular Customers,Medium Risk
Karen Bern,5,34,11846.0,Loyal Customers,Low Risk
Karen Carlisle,45,35,10416.0,At Risk,High Risk
Karen Daniels,37,30,24018.0,Regular Customers,Medium Risk
Karen Ferguson,33,30,18267.0,Regular Customers,Medium Risk
Karen Seio,36,25,5325.0,Lost Customers,High Risk
Karl Braun,3,40,17494.0,Champions,Low Risk
Katharine Harms,17,39,18414.0,Regular Customers,Medium Risk
Katherine Ducich,42,21,11696.0,Lost Customers,High Risk
Katherine Hughes,2,35,12210.0,Loyal Customers,Low Risk
Katherine Murray,3,33,18522.0,Potential Loyalists,Medium Risk
Katherine Nockton,20,32,19669.0,Regular Customers,Medium Risk
Katrina Bavinger,20,31,14027.0,Regular Customers,Medium Risk
Katrina Edelman,27,35,13553.0,At Risk,High Risk
Katrina Willman,27,27,15747.0,Regular Customers,Medium Risk
Kean Nguyen,38,34,18064.0,At Risk,High Risk
Kean Takahito,44,39,17257.0,At Risk,High Risk
Kean Thornton,28,27,8362.0,Lost Customers,High Risk
Keith Dawkins,47,40,26451.0,At Risk,High Risk
Keith Herrera,16,33,16890.0,Regular Customers,Medium Risk
Kelly Andreada,17,42,18876.0,Regular Customers,Medium Risk
Kelly Collister,34,32,19401.0,At Risk,High Risk
Kelly Lampkin,16,33,14248.0,Regular Customers,Medium Risk
Kelly Williams,23,40,11833.0,Regular Customers,Medium Risk
Ken Black,94,29,16602.0,Regular Customers,Medium Risk
Ken Brennan,2,36,11465.0,Loyal Customers,Low Risk
Ken Dana,76,27,12553.0,Lost Customers,High Risk
Ken Heidel,9,32,9021.0,Regular Customers,Medium Risk
Ken Lonsdale,1,33,24127.0,Potential Loyalists,Medium Risk
Khloe Miller,16,32,10973.0,Regular Customers,Medium Risk
Kimberly Carter,3,26,13923.0,Regular Customers,Medium Risk
Kristen Hastings,3,46,19856.0,Champions,Low Risk
Kristina Nunn,99,24,10715.0,Lost Customers,High Risk
Kunst Miller,29,26,16968.0,Regular Customers,Medium Risk
Larry Blacks,10,36,14583.0,Loyal Customers,Low Risk
Larry Hughes,13,27,8693.0,Regular Customers,Medium Risk
Larry Tron,7,34,18619.0,Loyal Customers,Low Risk
Laura Armstrong,2,46,27864.0,Champions,Low Risk
Laurel Beltran,40,39,26387.0,At Risk,High Risk
Laurel Elliston,15,30,11477.0,Regular Customers,Medium Risk
Laurel Workman,23,31,10873.0,Regular Customers,Medium Risk
Lauren Leatherbury,27,35,14939.0,At Risk,High Risk
Lela Donovan,43,38,16181.0,At Risk,High Risk
Lena Cacioppo,24,29,11078.0,Lost Customers,High Risk
Lena Creighton,17,38,18889.0,Regular Customers,Medium Risk
Lena Hernandez,22,32,12941.0,Regular Customers,Medium Risk
Lena Radford,27,29,22903.0,Regular Customers,Medium Risk
Linda Cazamias,42,35,16738.0,At Risk,High Risk
Linda Southworth,7,32,13145.0,Regular Customers,Medium Risk
Lindsay Castell,3,30,14301.0,Potential Loyalists,Medium Risk
Lindsay Shagiari,21,27,9366.0,Regular Customers,Medium Risk
Lindsay Williams,15,34,10982.0,Regular Customers,Medium Risk
Lisa DeCherney,44,33,11824.0,At Risk,High Risk
Lisa Hazard,42,21,9164.0,Lost Customers,High Risk
Lisa Ryan,46,35,18799.0,At Risk,High Risk
Liz Carlisle,5,30,20127.0,Potential Loyalists,Medium Risk
Liz MacKendrick,8,22,15531.0,Potential Loyalists,Medium Risk
Liz Pelletier,41,31,9465.0,At Risk,High Risk
Liz Preis,1,30,16611.0,Potential Loyalists,Medium Risk
Liz Thompson,35,32,21217.0,At Risk,High Risk
Liz Willingham,34,25,8045.0,Lost Customers,High Risk
Logan Currie,14,36,16082.0,Regular Customers,Medium Risk
Logan Haushalter,76,37,17288.0,At Risk,High Risk
Lori Olson,3,35,13541.0,Loyal Customers,Low Risk
Luke Foster,23,27,13422.0,Regular Customers,Medium Risk
Luke Schmidt,16,28,15599.0,Regular Customers,Medium Risk
Luke Weiss,22,29,12051.0,Regular Customers,Medium Risk
Lycoris Saunders,5,34,11739.0,Loyal Customers,Low Risk
Lynn Smith,35,30,11713.0,Lost Customers,High Risk
Magdelene Morse,5,31,21226.0,Potential Loyalists,Medium Risk
Marc Crier,45,39,15988.0,At Risk,High Risk
Marc Harrigan,38,28,15401.0,Regular Customers,Medium Risk
Maria Bertelson,2,35,21607.0,Champions,Low Risk
Maria Etezadi,6,40,26252.0,Champions,Low Risk
Maria Zettner,22,31,17960.0,Regular Customers,Medium Risk
Maribeth Dona,27,36,17829.0,At Risk,High Risk
Maribeth Schnelling,6,39,21681.0,Champions,Low Risk
Maribeth Yedwab,30,32,16472.0,At Risk,High Risk
Marina Lichtenstein,1,32,15555.0,Potential Loyalists,Medium Risk
Maris LaWare,34,33,15175.0,At Risk,High Risk
Mark Cousins,24,35,16548.0,At Risk,High Risk
Mark Haberlin,9,33,11304.0,Regular Customers,Medium Risk
Mark Hamilton,55,37,14724.0,At Risk,High Risk
Mark Packer,6,30,12987.0,Regular Customers,Medium Risk
Mark Van Huff,17,32,11518.0,Regular Customers,Medium Risk
Mary O'Rourke,37,29,11126.0,Lost Customers,High Risk
Mary Zewe,24,34,16577.0,At Risk,High Risk
MaryBeth Skach,16,33,14790.0,Regular Customers,Medium Risk
Mathew Reese,98,29,21575.0,Regular Customers,Medium Risk
Matt Abelman,65,28,12447.0,Lost Customers,High Risk
Matt Collins,10,41,17897.0,Loyal Customers,Low Risk
Matt Collister,52,28,11674.0,Lost Customers,High Risk
Matt Connell,50,28,13230.0,Lost Customers,High Risk
Matt Hagelstein,24,27,12217.0,Lost Customers,High Risk
Matthew Clasen,6,38,21805.0,Champions,Low Risk
Matthew Grinstein,20,22,13017.0,Regular Customers,Medium Risk
Maureen Fritzler,49,32,13529.0,At Risk,High Risk
Maureen Gastineau,37,37,20363.0,At Risk,High Risk
Maureen Gnade,1,32,18326.0,Potential Loyalists,Medium Risk
Maurice Satty,30,34,10031.0,At Risk,High Risk
Max Engle,12,39,9924.0,Loyal Customers,Low Risk
Max Jones,22,30,16486.0,Regular Customers,Medium Risk
Max Ludwig,2,35,15534.0,Loyal Customers,Low Risk
Maxwell Schwartz,35,42,17928.0,At Risk,High Risk
Maya Herman,1,35,13592.0,Loyal Customers,Low Risk
Meg O'Connel,7,34,18003.0,Loyal Customers,Low Risk
Meg Tillman,50,33,15346.0,At Risk,High Risk
Melanie Seite,5,34,16104.0,Loyal Customers,Low Risk
Michael Chen,2,35,15939.0,Loyal Customers,Low Risk
Michael Dominguez,37,33,22427.0,At Risk,High Risk
Michael Grace,6,34,14532.0,Loyal Customers,Low Risk
Michael Granlund,6,30,13185.0,Regular Customers,Medium Risk
Michael Kennedy,22,42,14447.0,Regular Customers,Medium Risk
Michael Moore,8,39,21730.0,Champions,Low Risk
Michael Nguyen,9,27,15047.0,Potential Loyalists,Medium Risk
Michael Oakman,7,17,5464.0,Regular Customers,Medium Risk
Michael Paige,28,47,17796.0,At Risk,High Risk
Michael Stewart,7,32,17869.0,Potential Loyalists,Medium Risk
Michelle Arnett,17,33,11933.0,Regular Customers,Medium Risk
Michelle Ellison,43,28,10708.0,Lost Customers,High Risk
Michelle Huthwaite,15,28,12851.0,Regular Customers,Medium Risk
Michelle Lonsdale,8,26,10367.0,Regular Customers,Medium Risk
Michelle Moray,16,33,13089.0,Regular Customers,Medium Risk
Michelle Tran,128,31,17779.0,At Risk,High Risk
Mick Brown,12,38,16451.0,Loyal Customers,Low Risk
Mick Crebagga,42,36,12014.0,At Risk,High Risk
Mick Hernandez,6,33,13275.0,Regular Customers,Medium Risk
Mike Caudle,52,28,9355.0,Lost Customers,High Risk
Mike Gockenbach,3,27,23378.0,Potential Loyalists,Medium Risk
Mike Kennedy,23,30,12741.0,Regular Customers,Medium Risk
Mike Pelletier,17,42,24216.0,Regular Customers,Medium Risk
Mike Vittorini,8,38,19572.0,Loyal Customers,Low Risk
Mitch Gastineau,2,36,18010.0,Loyal Customers,Low Risk
Mitch Webber,18,36,23070.0,Regular Customers,Medium Risk
Mitch Willingham,1,30,19008.0,Potential Loyalists,Medium Risk
Monica Federle,8,38,21944.0,Champions,Low Risk
Muhammed Lee,9,35,15851.0,Loyal Customers,Low Risk
Muhammed MacIntyre,13,35,10720.0,Loyal Customers,Low Risk
Muhammed Yedwab,1,39,29644.0,Champions,Low Risk
Nancy Lomonaco,26,27,10840.0,Lost Customers,High Risk
Naresj Patel,2,33,13118.0,Regular Customers,Medium Risk
Nat Carroll,6,31,16613.0,Potential Loyalists,Medium Risk
Nat Gilpin,49,28,12015.0,Lost Customers,High Risk
Natalie DeCherney,13,29,13709.0,Regular Customers,Medium Risk
Natalie Fritzler,2,43,31778.0,Champions,Low Risk
Natalie Webber,118,33,22374.0,At Risk,High Risk
Nathan Cano,40,24,10759.0,Lost Customers,High Risk
Nathan Gelder,19,36,22721.0,Regular Customers,Medium Risk
Nathan Mautz,31,41,24278.0,At Risk,High Risk
Neil Ducich,6,32,14780.0,Potential Loyalists,Medium Risk
Neil Französisch,7,29,12649.0,Regular Customers,Medium Risk
Neil Knudson,27,28,13875.0,Lost Customers,High Risk
Neola Schneider,7,30,15801.0,Potential Loyalists,Medium Risk
Neoma Murray,20,28,13872.0,Regular Customers,Medium Risk
Nick Crebassa,7,29,12302.0,Regular Customers,Medium Risk
Nick Radford,3,34,12891.0,Loyal Customers,Low Risk
Nick Zandusky,86,30,20271.0,Regular Customers,Medium Risk
Nicole Brennan,429,17,5935.0,Lost Customers,High Risk
Nicole Fjeld,12,27,12268.0,Regular Customers,Medium Risk
Nicole Hansen,6,28,21304.0,Potential Loyalists,Medium Risk
Noah Childs,21,31,17346.0,Regular Customers,Medium Risk
Noel Staavos,37,45,16643.0,At Risk,High Risk
Nona Balk,20,27,10082.0,Regular Customers,Medium Risk
Nora Paige,59,25,15714.0,Regular Customers,Medium Risk
Nora Pelletier,15,34,16358.0,Regular Customers,Medium Risk
Nora Preis,29,33,15921.0,At Risk,High Risk
Odella Nelson,48,38,19273.0,At Risk,High Risk
Olvera Toch,34,36,19759.0,At Risk,High Risk
Pamela Coakley,3,26,11940.0,Regular Customers,Medium Risk
Pamela Stobb,30,33,17635.0,At Risk,High Risk
Parhena Norris,16,38,12893.0,Regular Customers,Medium Risk
Patricia Hirasaki,58,27,11182.0,Lost Customers,High Risk
Patrick Bzostek,9,28,14858.0,Potential Loyalists,Medium Risk
Patrick Gardner,21,41,16481.0,Regular Customers,Medium Risk
Patrick Jones,40,25,14442.0,Regular Customers,Medium Risk
Patrick O'Brill,5,45,26712.0,Champions,Low Risk
Patrick O'Donnell,1,41,24025.0,Champions,Low Risk
Patrick Ryan,26,34,14330.0,At Risk,High Risk
Paul Gonzalez,3,34,15922.0,Loyal Customers,Low Risk
Paul Knutson,99,20,8232.0,Lost Customers,High Risk
Paul Lucas,16,23,15015.0,Regular Customers,Medium Risk
Paul MacIntyre,22,32,14346.0,Regular Customers,Medium Risk
Paul Prost,15,33,22247.0,Regular Customers,Medium Risk
Paul Stevenson,28,37,19620.0,At Risk,High Risk
Paul Van Hugh,9,34,18932.0,Loyal Customers,Low Risk
Pauline Chand,22,22,10633.0,Regular Customers,Medium Risk
Pauline Johnson,20,30,15845.0,Regular Customers,Medium Risk
Pauline Webber,8,38,13888.0,Loyal Customers,Low Risk
Penelope Sewall,21,33,30083.0,Regular Customers,Medium Risk
Pete Armstrong,24,27,10395.0,Lost Customers,High Risk
Pete Kriz,9,32,18657.0,Potential Loyalists,Medium Risk
Pete Takahito,3,30,13054.0,Regular Customers,Medium Risk
Peter Bühler,1,20,9897.0,Regular Customers,Medium Risk
Peter Fuller,84,38,29876.0,At Risk,High Risk
Peter McVee,13,28,11288.0,Regular Customers,Medium Risk
Philip Brown,6,43,11386.0,Loyal Customers,Low Risk
Philip Fox,35,43,18031.0,At Risk,High Risk
Philisse Overcash,30,33,17984.0,At Risk,High Risk
Phillina Ober,34,29,19099.0,Regular Customers,Medium Risk
Phillip Breyer,9,34,24269.0,Loyal Customers,Low Risk
Phillip Flathmann,3,37,13392.0,Loyal Customers,Low Risk
Pierre Wener,2,31,8422.0,Regular Customers,Medium Risk
Quincy Jones,26,28,18585.0,Regular Customers,Medium Risk
Rachel Payne,8,32,14998.0,Potential Loyalists,Medium Risk
Ralph Arnett,6,38,23044.0,Champions,Low Risk
Ralph Kennedy,29,30,13998.0,Regular Customers,Medium Risk
Ralph Ritter,20,25,13584.0,Regular Customers,Medium Risk
Randy Bradley,16,40,22898.0,Regular Customers,Medium Risk
Randy Ferguson,7,32,16598.0,Potential Loyalists,Medium Risk
Raymond Buch,21,29,29601.0,Regular Customers,Medium Risk
Raymond Messe,10,32,18317.0,Potential Loyalists,Medium Risk
Resi Pölking,16,41,22053.0,Regular Customers,Medium Risk
Ricardo Emerson,29,27,14039.0,Regular Customers,Medium Risk
Ricardo Sperren,34,35,14432.0,At Risk,High Risk
Richard Bierner,20,34,14797.0,Regular Customers,Medium Risk
Richard Eichhorn,16,30,16340.0,Regular Customers,Medium Risk
Rick Bensley,1,39,20854.0,Champions,Low Risk
Rick Duston,1,33,17546.0,Potential Loyalists,Medium Risk
Rick Hansen,25,31,16356.0,At Risk,High Risk
Rick Huthwaite,21,32,13438.0,Regular Customers,Medium Risk
Rick Reed,1,34,16382.0,Loyal Customers,Low Risk
Rick Wilson,27,32,25125.0,At Risk,High Risk
Ritsa Hightower,8,29,17695.0,Potential Loyalists,Medium Risk
Rob Beeghly,21,30,11549.0,Regular Customers,Medium Risk
Rob Dowd,26,38,21482.0,At Risk,High Risk
Rob Haberlin,7,29,7970.0,Regular Customers,Medium Risk
Rob Lucas,121,31,17289.0,At Risk,High Risk
Rob Williams,78,28,9988.0,Lost Customers,High Risk
Robert Barroso,151,25,6256.0,Lost Customers,High Risk
Robert Dilbeck,28,30,16344.0,Regular Customers,Medium Risk
Robert Marley,5,27,12868.0,Regular Customers,Medium Risk
Robert Waldorf,16,33,12596.0,Regular Customers,Medium Risk
Roger Barcio,17,28,15304.0,Regular Customers,Medium Risk
Roger Demir,22,38,14738.0,Regular Customers,Medium Risk
Roland Fjeld,2,26,13090.0,Regular Customers,Medium Risk
Roland Murray,17,26,7403.0,Regular Customers,Medium Risk
Roland Schwarz,37,31,15108.0,At Risk,High Risk
Rose O'Brian,5,38,21912.0,Champions,Low Risk
Ross Baird,31,40,19314.0,At Risk,High Risk
Ross DeVincentis,15,37,10302.0,Regular Customers,Medium Risk
Roy Collins,119,26,7956.0,Lost Customers,High Risk
Roy Französisch,7,37,15652.0,Loyal Customers,Low Risk
Roy Phan,22,33,14610.0,Regular Customers,Medium Risk
Roy Skaria,20,28,8121.0,Regular Customers,Medium Risk
Ruben Ausman,44,31,15939.0,At Risk,High Risk
Ruben Dartt,33,39,18320.0,At Risk,High Risk
Russell Applegate,13,29,21398.0,Potential Loyalists,Medium Risk
Russell D'Ascenzo,29,33,15819.0,At Risk,High Risk
Ryan Akin,2,32,13742.0,Regular Customers,Medium Risk
Ryan Crowe,23,27,9539.0,Regular Customers,Medium Risk
Sally Hughsby,26,37,18951.0,At Risk,High Risk
Sally Knutson,9,26,13292.0,Regular Customers,Medium Risk
Sally Matthias,105,30,13063.0,Lost Customers,High Risk
Sam Craven,9,38,11056.0,Loyal Customers,Low Risk
Sam Zeldin,14,41,16361.0,Regular Customers,Medium Risk
Sample Company A,41,37,19129.0,At Risk,High Risk
Sandra Flanagan,59,29,11259.0,Lost Customers,High Risk
Sandra Glassco,4,23,11853.0,Regular Customers,Medium Risk
Sanjit Chand,76,35,26524.0,At Risk,High Risk
Sanjit Engle,10,39,30143.0,Champions,Low Risk
Sanjit Jacobs,33,39,13521.0,At Risk,High Risk
Saphhira Shifley,16,39,23632.0,Regular Customers,Medium Risk
Sara Luxemburg,30,46,16827.0,At Risk,High Risk
Sarah Bern,3,20,14603.0,Potential Loyalists,Medium Risk
Sarah Brown,75,38,22300.0,At Risk,High Risk
Sarah Foster,6,36,15659.0,Loyal Customers,Low Risk
Sarah Jordon,29,41,16070.0,At Risk,High Risk
Scot Coram,17,28,22129.0,Regular Customers,Medium Risk
Scot Wooten,13,30,15479.0,Potential Loyalists,Medium Risk
Scott Cohen,1,33,12537.0,Regular Customers,Medium Risk
Scott Williamson,22,38,17044.0,Regular Customers,Medium Risk
Sean Braxton,42,27,20514.0,Regular Customers,Medium Risk
Sean Christensen,17,33,20907.0,Regular Customers,Medium Risk
Sean Miller,22,28,35170.0,Regular Customers,Medium Risk
Sean O'Donnell,30,31,16366.0,At Risk,High Risk
Sean Wendt,13,30,8168.0,Regular Customers,Medium Risk
Seth Vernon,88,36,23640.0,At Risk,High Risk
Shahid Collister,31,41,17678.0,At Risk,High Risk
Shahid Hopkins,24,37,12979.0,At Risk,High Risk
Shahid Shariari,27,37,18107.0,At Risk,High Risk
Sharelle Roach,9,24,13005.0,Regular Customers,Medium Risk
Shaun Chance,10,29,9610.0,Regular Customers,Medium Risk
Shaun Weien,8,31,8247.0,Regular Customers,Medium Risk
Sheri Gordon,91,31,13818.0,At Risk,High Risk
Shirley Daniels,16,40,17959.0,Regular Customers,Medium Risk
Shirley Jackson,176,29,13385.0,Lost Customers,High Risk
Shirley Schmidt,1,22,7903.0,Regular Customers,Medium Risk
Shui Tom,7,38,15006.0,Loyal Customers,Low Risk
Sibella Parks,17,24,7221.0,Regular Customers,Medium Risk
Skye Norling,14,31,14225.0,Regular Customers,Medium Risk
Sonia Cooley,28,35,10012.0,At Risk,High Risk
Sonia Sunley,6,29,13118.0,Regular Customers,Medium Risk
Speros Goranitis,76,38,12948.0,At Risk,High Risk
Stefania Perrino,6,36,19418.0,Loyal Customers,Low Risk
Stefanie Holloman,31,29,14205.0,Regular Customers,Medium Risk
Stephanie Phelps,21,30,11151.0,Regular Customers,Medium Risk
Stephanie Ulpright,5,29,10779.0,Regular Customers,Medium Risk
Steve Carroll,22,35,19823.0,Regular Customers,Medium Risk
Steve Chapman,10,39,23401.0,Champions,Low Risk
Steve Nguyen,45,28,13404.0,Lost Customers,High Risk
Steven Cartwright,8,37,16918.0,Loyal Customers,Low Risk
Steven Roelle,22,37,19374.0,Regular Customers,Medium Risk
Steven Ward,16,38,25669.0,Regular Customers,Medium Risk
Stewart Carmichael,41,39,16529.0,At Risk,High Risk
Stewart Visinsky,22,34,17232.0,Regular Customers,Medium Risk
Stuart Calhoun,31,26,11409.0,Lost Customers,High Risk
Stuart Van,9,33,22308.0,Potential Loyalists,Medium Risk
Sue Ann Reed,11,40,16494.0,Loyal Customers,Low Risk
Sung Chung,9,28,11265.0,Regular Customers,Medium Risk
Sung Pak,55,28,13496.0,Lost Customers,High Risk
Sung Shariari,15,25,5331.0,Regular Customers,Medium Risk
Susan Gilcrest,17,28,12686.0,Regular Customers,Medium Risk
Susan MacKendrick,38,22,8634.0,Lost Customers,High Risk
Susan Pistek,7,32,29020.0,Potential Loyalists,Medium Risk
Susan Vittorini,1,31,15689.0,Potential Loyalists,Medium Risk
Suzanne McNair,26,38,12888.0,At Risk,High Risk
Sylvia Foulston,49,23,9257.0,Lost Customers,High Risk
Tamara Chand,28,36,37453.0,At Risk,High Risk
Tamara Dahlen,1,28,7704.0,Regular Customers,Medium Risk
Tamara Manning,65,30,14461.0,Regular Customers,Medium Risk
Tamara Willingham,20,35,14256.0,Regular Customers,Medium Risk
Tanja Norvell,23,31,9595.0,Regular Customers,Medium Risk
Ted Butterfield,36,32,16030.0,At Risk,High Risk
Ted Trevino,15,33,17245.0,Regular Customers,Medium Risk
Thais Sissman,42,27,6787.0,Lost Customers,High Risk
Thea Hendricks,7,31,15541.0,Potential Loyalists,Medium Risk
Thea Hudgings,44,31,15353.0,At Risk,High Risk
Theone Pippenger,3,43,23965.0,Champions,Low Risk
Theresa Coyne,12,35,22219.0,Loyal Customers,Low Risk
Theresa Swint,9,27,7936.0,Regular Customers,Medium Risk
Thomas Boland,40,31,17427.0,At Risk,High Risk
Thomas Brumley,50,21,11805.0,Lost Customers,High Risk
Thomas Seio,27,35,14530.0,At Risk,High Risk
Thomas Thornton,6,31,15055.0,Potential Loyalists,Medium Risk
Tiffany House,9,36,16804.0,Loyal Customers,Low Risk
Tim Brockman,2,43,19103.0,Champions,Low Risk
Tim Taslimi,2,29,9780.0,Regular Customers,Medium Risk
Toby Braunhardt,58,35,11699.0,At Risk,High Risk
Toby Carlisle,13,34,20126.0,Loyal Customers,Low Risk
Toby Gnade,15,35,13021.0,Regular Customers,Medium Risk
Toby Ritter,2,26,12427.0,Regular Customers,Medium Risk
Toby Swindell,9,36,18632.0,Loyal Customers,Low Risk
Todd Boyes,15,28,9647.0,Regular Customers,Medium Risk
Todd Sumrall,19,37,27775.0,Regular Customers,Medium Risk
Tom Ashbrook,9,30,40489.0,Potential Loyalists,Medium Risk
Tom Boeckenhauer,26,35,24480.0,At Risk,High Risk
Tom Prescott,49,26,12874.0,Lost Customers,High Risk
Tom Stivers,20,29,15345.0,Regular Customers,Medium Risk
Tom Zandusky,9,35,15348.0,Loyal Customers,Low Risk
Tonja Turnell,13,40,20085.0,Champions,Low Risk
Tony Chapman,2,38,12633.0,Loyal Customers,Low Risk
Tony Molinari,41,35,15973.0,At Risk,High Risk
Tony Sayre,12,31,19734.0,Potential Loyalists,Medium Risk
Tracy Blumstein,19,45,20704.0,Regular Customers,Medium Risk
Tracy Collins,1,34,11099.0,Loyal Customers,Low Risk
Tracy Hopkins,6,31,13095.0,Regular Customers,Medium Risk
Tracy Poddar,15,35,13289.0,Regular Customers,Medium Risk
Tracy Zic,36,24,10860.0,Lost Customers,High Risk
Troy Blackwell,29,30,9187.0,Lost Customers,High Risk
Troy Staebel,21,35,22579.0,Regular Customers,Medium Risk
Trudy Brown,31,36,15078.0,At Risk,High Risk
Trudy Glocke,6,42,18883.0,Champions,Low Risk
Trudy Schmidt,85,30,9980.0,Lost Customers,High Risk
Valerie Dominguez,1,30,15987.0,Potential Loyalists,Medium Risk
Valerie Mitchum,14,38,14567.0,Regular Customers,Medium Risk
Valerie Takahito,8,32,19368.0,Potential Loyalists,Medium Risk
Vicky Freymann,14,28,12600.0,Regular Customers,Medium Risk
Victor Preis,29,33,12063.0,At Risk,High Risk
Victoria Brennan,5,25,10745.0,Regular Customers,Medium Risk
Victoria Pisteka,76,31,18554.0,At Risk,High Risk
Victoria Wilson,7,35,17039.0,Loyal Customers,Low Risk
Vivek Gonzalez,111,31,10296.0,At Risk,High Risk
Vivek Grady,3,27,23767.0,Potential Loyalists,Medium Risk
Vivek Sundaresam,23,22,11413.0,Regular Customers,Medium Risk
Vivian Mathis,9,23,3891.0,Regular Customers,Medium Risk
William Brown,21,40,16886.0,Regular Customers,Medium Risk
Xylona Preis,44,30,12202.0,Lost Customers,High Risk
Yana Sorensen,5,32,20034.0,Potential Loyalists,Medium Risk
Yoseph Carroll,5,31,20165.0,Potential Loyalists,Medium Risk
Zuschuss Carroll,4,38,28485.0,Champions,Low Risk
Zuschuss Donatelli,2,29,12434.0,Regular Customers,Medium Risk
