customer_name,Recency,Frequency,Monetary,R_Score,F_Score,M_Score,RFM_Score,Customer_Segment
Aaron Bergman,17,37,24646.0,3,4,5,345,Regular Customers
Aaron Hawkins,13,34,20759.0,4,3,5,435,Potential Loyalists
Aaron Smayling,24,31,14207.0,2,2,3,223,Regular Customers
Adam Bellavance,36,41,20189.0,2,5,5,255,At Risk
Adam Hart,3,42,21720.0,5,5,5,555,Champions
Adam Shillingsburg,16,36,15445.0,3,4,3,343,Regular Customers
Adrian Barton,28,40,25125.0,2,5,5,255,At Risk
Adrian Hane,22,26,11406.0,3,1,1,311,Regular Customers
Adrian Shami,42,24,11287.0,1,1,1,111,Lost Customers
Aimee Bixby,36,28,16205.0,2,1,3,213,Regular Customers
Alan Barnes,14,35,13053.0,3,4,2,342,Regular Customers
Alan Dominguez,6,30,18538.0,5,2,4,524,Potential Loyalists
Alan Haines,50,34,15281.0,1,3,3,133,At Risk
Alan Hwang,7,38,23641.0,4,5,5,455,Champions
Alan Schoenberger,3,35,21837.0,5,4,5,545,Champions
Alan Shonely,13,36,10692.0,4,4,1,441,Loyal Customers
Alejandro Ballentine,6,39,15463.0,5,5,3,553,Loyal Customers
Alejandro Grove,14,33,13419.0,3,3,2,332,Regular Customers
Alejandro Savely,19,43,21124.0,3,5,5,355,Regular Customers
Aleksandra Gannaway,3,30,14715.0,5,2,3,523,Potential Loyalists
Alex Avila,3,26,15993.0,5,1,3,513,Potential Loyalists
Alex Grayson,3,36,15071.0,5,4,3,543,Loyal Customers
Alex Russell,30,35,16469.0,2,4,4,244,At Risk
Alice McCarthy,16,39,18765.0,3,5,4,354,Regular Customers
Allen Armold,7,31,6537.0,4,2,1,421,Regular Customers
Allen Goldenen,113,23,8928.0,1,1,1,111,Lost Customers
Allen Rosenblatt,55,28,9529.0,1,1,1,111,Lost Customers
Alyssa Crouse,7,33,12296.0,4,3,2,432,Regular Customers
Alyssa Tate,13,36,14945.0,4,4,3,443,Loyal Customers
Amy Cox,6,26,17155.0,5,1,4,514,Potential Loyalists
Amy Hunt,71,24,9202.0,1,1,1,111,Lost Customers
Andrew Allen,126,25,19758.0,1,1,4,114,Regular Customers
Andrew Gjertsen,49,40,16381.0,1,5,4,154,At Risk
Andrew Roberts,15,39,16914.0,3,5,4,354,Regular Customers
Andy Gerbode,13,27,11339.0,4,1,1,411,Regular Customers
Andy Reiter,7,23,8545.0,4,1,1,411,Regular Customers
Andy Yotov,15,27,8542.0,3,1,1,311,Regular Customers
Anemone Ratner,3,27,11492.0,5,1,1,511,Regular Customers
Angele Hood,22,31,11357.0,3,2,1,321,Regular Customers
Ann Blume,8,27,18727.0,4,1,4,414,Potential Loyalists
Ann Chong,7,36,15027.0,4,4,3,443,Loyal Customers
Ann Steele,34,30,11818.0,2,2,2,222,Lost Customers
Anna Andreadi,29,47,17312.0,2,5,4,254,At Risk
Anna Chung,3,25,8932.0,5,1,1,511,Regular Customers
Anna Gayman,48,31,15392.0,1,2,3,123,Regular Customers
Anna Häberlin,31,36,18093.0,2,4,4,244,At Risk
Anne McFarland,26,36,25522.0,2,4,5,245,At Risk
Anne Pryor,38,26,16360.0,1,1,3,113,Regular Customers
Annie Thurman,3,34,13385.0,5,3,2,532,Regular Customers
Annie Zypern,27,28,11871.0,2,1,2,212,Lost Customers
Anthony Garverick,29,35,11687.0,2,4,2,242,At Risk
Anthony Jacobs,2,37,17757.0,5,4,4,544,Loyal Customers
Anthony Johnson,37,32,12284.0,2,3,2,232,At Risk
Anthony O'Donnell,8,32,15025.0,4,3,3,433,Potential Loyalists
Anthony Rawles,23,45,17339.0,3,5,4,354,Regular Customers
Anthony Witt,17,32,15143.0,3,3,3,333,Regular Customers
Arianne Irving,14,26,9281.0,3,1,1,311,Regular Customers
Art Ferguson,6,45,28183.0,5,5,5,555,Champions
Art Foster,54,37,20064.0,1,4,5,145,At Risk
Arthur Gainer,24,33,19871.0,2,3,4,234,At Risk
Arthur Prichep,77,37,18546.0,1,4,4,144,At Risk
Arthur Wiediger,36,28,11016.0,2,1,1,211,Lost Customers
Ashley Jarboe,29,36,15949.0,2,4,3,243,At Risk
Astrea Jones,49,27,13259.0,1,1,2,112,Lost Customers
Barbara Fisher,23,30,9838.0,3,2,1,321,Regular Customers
Barry Blumstein,15,37,9883.0,3,4,1,341,Regular Customers
Barry Franz,9,27,24082.0,4,1,5,415,Potential Loyalists
Barry Französisch,16,31,13206.0,3,2,2,322,Regular Customers
Barry Gonzalez,29,34,20023.0,2,3,5,235,At Risk
Barry Pond,6,30,10389.0,5,2,1,521,Regular Customers
Barry Weirich,23,23,17440.0,3,1,4,314,Regular Customers
Bart Folk,26,27,13942.0,2,1,2,212,Lost Customers
Bart Pistole,3,38,10087.0,5,5,1,551,Loyal Customers
Bart Watters,55,45,32315.0,1,5,5,155,At Risk
Becky Castell,30,34,15186.0,2,3,3,233,At Risk
Becky Martin,9,35,27173.0,4,4,5,445,Loyal Customers
Becky Pak,33,30,14811.0,2,2,3,223,Regular Customers
Ben Ferrer,17,37,23219.0,3,4,5,345,Regular Customers
Ben Peterman,2,38,16809.0,5,5,4,554,Champions
Ben Wallace,41,33,14965.0,1,3,3,133,At Risk
Benjamin Farhat,27,32,13370.0,2,3,2,232,At Risk
Benjamin Patterson,40,31,18714.0,1,2,4,124,Regular Customers
Benjamin Venier,45,25,21366.0,1,1,5,115,Regular Customers
Berenike Kampe,27,33,13586.0,2,3,2,232,At Risk
Beth Fritzler,7,30,10588.0,4,2,1,421,Regular Customers
Beth Paige,13,33,12827.0,4,3,2,432,Regular Customers
Beth Thompson,29,34,11631.0,2,3,2,232,At Risk
Bill Donatelli,6,38,15276.0,5,5,3,553,Loyal Customers
Bill Eplett,36,42,28480.0,2,5,5,255,At Risk
Bill Overfelt,22,26,8093.0,3,1,1,311,Regular Customers
Bill Shonely,1,31,23511.0,5,2,5,525,Potential Loyalists
Bill Stewart,29,28,18776.0,2,1,4,214,Regular Customers
Bill Tyler,29,28,11798.0,2,1,2,212,Lost Customers
Bobby Elias,22,37,18411.0,3,4,4,344,Regular Customers
Bobby Odegard,2,29,15029.0,5,2,3,523,Potential Loyalists
Bobby Trafton,52,31,10400.0,1,3,1,131,At Risk
Brad Eason,4,29,18986.0,5,2,4,524,Potential Loyalists
Brad Norvell,12,36,26200.0,4,4,5,445,Loyal Customers
Brad Thomas,31,38,11683.0,2,5,2,252,At Risk
Bradley Drucker,20,30,13142.0,3,2,2,322,Regular Customers
Bradley Nguyen,10,31,12878.0,4,3,2,432,Regular Customers
Bradley Talbott,34,32,15343.0,2,3,3,233,At Risk
Brenda Bowman,29,31,16007.0,2,3,3,233,At Risk
Brendan Dodson,8,24,10920.0,4,1,1,411,Regular Customers
Brendan Murry,35,34,12055.0,2,3,2,232,At Risk
Brendan Sweed,36,28,12179.0,2,1,2,212,Lost Customers
Brian Dahlen,98,24,9890.0,1,1,1,111,Lost Customers
Brian DeCherney,50,36,10772.0,1,4,1,141,At Risk
Brian Derr,10,34,16917.0,4,3,4,434,Potential Loyalists
Brian Moss,34,32,17459.0,2,3,4,234,At Risk
Brian Stugart,30,31,22573.0,2,3,5,235,At Risk
Brian Thompson,19,26,14896.0,3,1,3,313,Regular Customers
Brooke Gillingham,10,24,11213.0,4,1,1,411,Regular Customers
Brosina Hoffman,24,41,28120.0,2,5,5,255,At Risk
Bruce Degenhardt,5,43,15959.0,5,5,3,553,Loyal Customers
Bruce Geld,7,28,15381.0,4,1,3,413,Potential Loyalists
Bruce Stewart,2,34,19234.0,5,3,4,534,Potential Loyalists
Bryan Davis,36,31,13571.0,2,3,2,232,At Risk
Bryan Mills,3,45,20689.0,5,5,5,555,Champions
Bryan Spruell,10,30,17253.0,4,2,4,424,Potential Loyalists
Candace McMahon,41,28,14798.0,1,1,3,113,Regular Customers
Cari MacIntyre,7,37,21608.0,4,4,5,445,Loyal Customers
Cari Sayre,16,34,22067.0,3,4,5,345,Regular Customers
Cari Schnelling,51,30,12179.0,1,2,2,122,Lost Customers
Carl Jackson,14,29,13972.0,3,2,3,323,Regular Customers
Carl Ludwig,14,40,18180.0,3,5,4,354,Regular Customers
Carl Weiss,9,29,14357.0,4,2,3,423,Potential Loyalists
Carlos Daly,3,31,20117.0,5,3,5,535,Potential Loyalists
Carlos Meador,37,25,10148.0,2,1,1,211,Lost Customers
Carlos Soltero,26,36,14936.0,2,4,3,243,At Risk
Carol Adams,19,34,23993.0,3,4,5,345,Regular Customers
Carol Darley,2,30,13232.0,5,2,2,522,Regular Customers
Carol Triggs,29,29,14139.0,2,2,3,223,Regular Customers
Caroline Jumper,34,29,19582.0,2,2,4,224,Regular Customers
Cassandra Brandow,10,30,13529.0,4,2,2,422,Regular Customers
Catherine Glotzbach,22,24,4116.0,3,1,1,311,Regular Customers
Cathy Armstrong,14,25,12293.0,3,1,2,312,Regular Customers
Cathy Hwang,90,29,15667.0,1,2,3,123,Regular Customers
Cathy Prescott,70,33,19770.0,1,3,4,134,At Risk
Chad Cunningham,52,30,12522.0,1,2,2,122,Lost Customers
Chad McGuire,9,23,16566.0,4,1,4,414,Potential Loyalists
Chad Sievert,12,26,12348.0,4,1,2,412,Regular Customers
Charles Crestani,83,30,13350.0,1,2,2,122,Lost Customers
Charles McCrossin,27,31,20156.0,2,3,5,235,At Risk
Charles Sheldon,58,34,20050.0,1,4,5,145,At Risk
Charlotte Melton,1,29,12827.0,5,2,2,522,Regular Customers
Chloris Kastensmidt,5,43,14572.0,5,5,3,553,Loyal Customers
Chris Cortes,21,44,11483.0,3,5,1,351,Regular Customers
Chris McAfee,43,27,11621.0,1,1,2,112,Lost Customers
Chris Selesnick,3,34,14418.0,5,4,3,543,Loyal Customers
Christina Anderson,35,38,21835.0,2,5,5,255,At Risk
Christina DeMoss,13,31,17986.0,4,3,4,434,Potential Loyalists
Christina VanderZanden,40,29,10327.0,1,2,1,121,Lost Customers
Christine Abelman,14,26,7803.0,3,1,1,311,Regular Customers
Christine Kargatis,1,35,13055.0,5,4,2,542,Loyal Customers
Christine Phan,9,34,25157.0,4,4,5,445,Loyal Customers
Christine Sundaresam,7,40,10546.0,4,5,1,451,Loyal Customers
Christopher Conant,7,39,35187.0,4,5,5,455,Champions
Christopher Martinez,38,29,22460.0,1,2,5,125,Regular Customers
Christopher Schild,2,28,12516.0,5,1,2,512,Regular Customers
Christy Brittain,27,27,13938.0,2,1,2,212,Lost Customers
Chuck Clark,1,31,15040.0,5,3,3,533,Potential Loyalists
Chuck Magee,16,29,13715.0,3,2,2,322,Regular Customers
Chuck Sachs,7,31,22759.0,4,3,5,435,Potential Loyalists
Cindy Chapman,17,37,20866.0,3,4,5,345,Regular Customers
Cindy Schnelling,3,33,12775.0,5,3,2,532,Regular Customers
Cindy Stewart,28,23,13432.0,2,1,2,212,Lost Customers
Claire Gute,29,25,14662.0,2,1,3,213,Regular Customers
Claudia Bergmann,8,29,18261.0,4,2,4,424,Potential Loyalists
Clay Cheatham,28,30,9345.0,2,2,1,221,Lost Customers
Clay Ludtke,6,36,19784.0,5,4,4,544,Loyal Customers
Clay Rozendal,23,25,11759.0,3,1,2,312,Regular Customers
Clytie Kelty,44,36,17141.0,1,4,4,144,At Risk
Corey Catlett,17,32,17604.0,3,3,4,334,Regular Customers
Corey Roper,44,37,22354.0,1,4,5,145,At Risk
Corey-Lock,5,30,13049.0,5,2,2,522,Regular Customers
Corinna Mitchell,28,30,15580.0,2,2,3,223,Regular Customers
Craig Carreira,17,34,11497.0,3,4,1,341,Regular Customers
Craig Carroll,55,25,16815.0,1,1,4,114,Regular Customers
Craig Leslie,9,35,19378.0,4,4,4,444,Loyal Customers
Craig Molinari,42,26,11230.0,1,1,1,111,Lost Customers
Craig Reiter,6,35,20848.0,5,4,5,545,Champions
Craig Yedwab,61,35,14220.0,1,4,3,143,At Risk
Cyma Kinney,38,38,10596.0,1,5,1,151,At Risk
Cynthia Arntzen,94,30,19834.0,1,2,4,124,Regular Customers
Cynthia Delaney,77,32,14500.0,1,3,3,133,At Risk
Cynthia Voltz,5,27,14857.0,5,1,3,513,Potential Loyalists
Cyra Reiten,56,32,15657.0,1,3,3,133,At Risk
Damala Kotsonis,22,43,20961.0,3,5,5,355,Regular Customers
Dan Campbell,35,38,13439.0,2,5,2,252,At Risk
Dan Lawera,58,41,12690.0,1,5,2,152,At Risk
Dan Reichenbach,4,40,16705.0,5,5,4,554,Champions
Dana Kaydos,46,28,19638.0,1,1,4,114,Regular Customers
Daniel Byrd,3,35,15392.0,5,4,3,543,Loyal Customers
Daniel Lacy,38,28,12201.0,1,1,2,112,Lost Customers
Daniel Raglin,28,41,27932.0,2,5,5,255,At Risk
Dario Medina,13,41,22297.0,4,5,5,455,Champions
Darren Budd,58,15,9681.0,1,1,1,111,Lost Customers
Darren Koutras,2,36,14903.0,5,4,3,543,Loyal Customers
Darren Powers,15,41,15980.0,3,5,3,353,Regular Customers
Darrin Martin,3,36,17733.0,5,4,4,544,Loyal Customers
Darrin Sayre,49,32,13283.0,1,3,2,132,At Risk
Darrin Van Huff,20,37,22749.0,3,4,5,345,Regular Customers
Dave Brooks,9,34,25550.0,4,4,5,445,Loyal Customers
Dave Hallsten,76,35,16191.0,1,4,3,143,At Risk
Dave Kipp,9,39,19456.0,4,5,4,454,Loyal Customers
Dave Poirier,7,31,25901.0,4,3,5,435,Potential Loyalists
David Bremer,6,20,6275.0,5,1,1,511,Regular Customers
David Flashing,10,22,11540.0,4,1,1,411,Regular Customers
David Kendrick,11,36,17559.0,4,4,4,444,Loyal Customers
David Philippe,8,31,23730.0,4,3,5,435,Potential Loyalists
David Smith,15,33,13634.0,3,3,2,332,Regular Customers
David Wiener,7,30,10930.0,4,2,1,421,Regular Customers
Dean Braden,8,34,14132.0,4,4,3,443,Loyal Customers
Dean Katz,2,37,10652.0,5,4,1,541,Loyal Customers
Dean percer,19,35,22833.0,3,4,5,345,Regular Customers
Deanra Eno,20,30,12799.0,3,2,2,322,Regular Customers
Deborah Brumfield,10,27,12578.0,4,1,2,412,Regular Customers
Debra Catini,19,27,16972.0,3,1,4,314,Regular Customers
Deirdre Greer,15,34,16715.0,3,4,4,344,Regular Customers
Delfina Latchford,19,33,20252.0,3,3,5,335,Regular Customers
Denise Leinenbach,13,37,17936.0,4,4,4,444,Loyal Customers
Denise Monton,3,33,22051.0,5,3,5,535,Potential Loyalists
Dennis Bolton,48,30,10610.0,1,2,1,121,Lost Customers
Dennis Kane,5,36,20103.0,5,4,5,545,Champions
Dennis Pardue,1,33,11661.0,5,3,2,532,Regular Customers
Denny Blanton,29,28,16634.0,2,1,4,214,Regular Customers
Denny Joy,2,32,22561.0,5,3,5,535,Potential Loyalists
Denny Ordway,37,42,18797.0,2,5,4,254,At Risk
Dianna Arnett,14,29,15248.0,3,2,3,323,Regular Customers
Dianna Vittorini,14,25,16951.0,3,1,4,314,Regular Customers
Dianna Wilson,56,35,23456.0,1,4,5,145,At Risk
Dionis Lloyd,23,32,16648.0,3,3,4,334,Regular Customers
Don Jones,7,38,21395.0,4,5,5,455,Champions
Don Miller,36,25,11836.0,2,1,2,212,Lost Customers
Don Weiss,13,24,14384.0,4,1,3,413,Potential Loyalists
Dorothy Badders,6,25,10384.0,5,1,1,511,Regular Customers
Dorothy Dickinson,42,32,11071.0,1,3,1,131,At Risk
Dorothy Wardle,6,41,12606.0,5,5,2,552,Loyal Customers
Dorris liebe,6,30,14720.0,5,2,3,523,Potential Loyalists
Doug Bickford,28,32,12855.0,2,3,2,232,At Risk
Doug Jacobs,13,33,13852.0,4,3,2,432,Regular Customers
Doug O'Connell,27,30,13772.0,2,2,2,222,Lost Customers
Duane Benoit,13,23,13604.0,4,1,2,412,Regular Customers
Duane Huffman,21,29,12477.0,3,2,2,322,Regular Customers
Duane Noonan,13,29,14915.0,4,2,3,423,Potential Loyalists
Ed Braxton,49,33,15525.0,1,3,3,133,At Risk
Ed Jacobs,50,30,10699.0,1,2,1,121,Lost Customers
Ed Ludwig,27,34,14209.0,2,4,3,243,At Risk
Edward Becker,33,26,9428.0,2,1,1,211,Lost Customers
Edward Hooks,3,38,21272.0,5,5,5,555,Champions
Edward Nazzal,15,28,7072.0,3,2,1,321,Regular Customers
Eileen Kiefer,45,23,7124.0,1,1,1,111,Lost Customers
Eleni McCrary,59,29,14584.0,1,2,3,123,Regular Customers
Elizabeth Moffitt,56,32,14508.0,1,3,3,133,At Risk
Ellis Ballard,3,31,21986.0,5,3,5,535,Potential Loyalists
Elpida Rittenbach,54,26,17131.0,1,1,4,114,Regular Customers
Emily Burns,16,24,7037.0,3,1,1,311,Regular Customers
Emily Ducich,16,39,18549.0,3,5,4,354,Regular Customers
Emily Grady,23,32,23114.0,3,3,5,335,Regular Customers
Emily Phan,13,36,16770.0,4,4,4,444,Loyal Customers
Eric Barreto,8,27,11967.0,4,1,2,412,Regular Customers
Eric Hoffmann,58,36,10351.0,1,4,1,141,At Risk
Eric Murdock,3,45,28085.0,5,5,5,555,Champions
Erica Bern,1,41,16119.0,5,5,3,553,Loyal Customers
Erica Hackney,34,32,9481.0,2,3,1,231,At Risk
Erica Hernandez,3,35,13008.0,5,4,2,542,Loyal Customers
Erica Smith,1,39,14719.0,5,5,3,553,Loyal Customers
Erin Ashbrook,94,34,11521.0,1,4,1,141,At Risk
Erin Creighton,54,26,6731.0,1,1,1,111,Lost Customers
Erin Mull,17,26,15321.0,3,1,3,313,Regular Customers
Erin Smith,29,33,18160.0,2,3,4,234,At Risk
Eudokia Martin,9,26,13723.0,4,1,2,412,Regular Customers
Eugene Barchas,21,34,16085.0,3,4,3,343,Regular Customers
Eugene Hildebrand,23,44,22424.0,3,5,5,355,Regular Customers
Eugene Moren,25,36,23411.0,2,4,5,245,At Risk
Eva Jacobs,23,28,14957.0,3,2,3,323,Regular Customers
Evan Bailliet,20,29,8006.0,3,2,1,321,Regular Customers
Evan Henry,68,37,16377.0,1,4,3,143,At Risk
Evan Minnotte,42,27,19672.0,1,1,4,114,Regular Customers
Filia McAdams,8,37,17287.0,4,4,4,444,Loyal Customers
Frank Atkinson,23,35,14350.0,3,4,3,343,Regular Customers
Frank Carlisle,43,29,12410.0,1,2,2,122,Lost Customers
Frank Gastineau,35,27,9704.0,2,1,1,211,Lost Customers
Frank Hawley,5,28,13686.0,5,2,2,522,Regular Customers
Frank Merwin,3,38,16388.0,5,5,4,554,Champions
Frank Olsen,23,47,17775.0,3,5,4,354,Regular Customers
Frank Preis,24,34,10760.0,2,4,1,241,At Risk
Fred Chung,108,27,9323.0,1,1,1,111,Lost Customers
Fred Harton,2,23,10766.0,5,1,1,511,Regular Customers
Fred Hopkins,2,39,30404.0,5,5,5,555,Champions
Fred McMath,2,27,7441.0,5,1,1,511,Regular Customers
Fred Wasserman,1,34,18194.0,5,4,4,544,Loyal Customers
Gary Hansen,21,45,15269.0,3,5,3,353,Regular Customers
Gary Hwang,19,41,24629.0,3,5,5,355,Regular Customers
Gary McGarr,2,34,16518.0,5,4,4,544,Loyal Customers
Gary Mitchum,17,21,11011.0,3,1,1,311,Regular Customers
Gary Zandusky,8,43,24700.0,4,5,5,455,Champions
Gene Hale,52,25,15488.0,1,1,3,113,Regular Customers
Gene McClure,105,28,11003.0,1,2,1,121,Lost Customers
George Ashbrook,23,31,13806.0,3,3,2,332,Regular Customers
George Bell,34,30,12183.0,2,2,2,222,Lost Customers
George Zrebassa,31,30,15294.0,2,2,3,223,Regular Customers
Georgia Rosenberg,50,30,13850.0,1,2,2,122,Lost Customers
Giulietta Baptist,14,30,12570.0,3,2,2,322,Regular Customers
Giulietta Dortch,6,33,18705.0,5,3,4,534,Potential Loyalists
Giulietta Weimer,15,33,18071.0,3,3,4,334,Regular Customers
Grace Kelly,13,28,19982.0,4,2,5,425,Potential Loyalists
Grant Thornton,10,27,20226.0,4,1,5,415,Potential Loyalists
Greg Guthrie,34,33,13901.0,2,3,2,232,At Risk
Greg Hansen,2,38,13997.0,5,5,3,553,Loyal Customers
Greg Matthias,2,37,13600.0,5,4,2,542,Loyal Customers
Greg Maxwell,48,26,15355.0,1,1,3,113,Regular Customers
Greg Tran,9,34,35552.0,4,4,5,445,Loyal Customers
Guy Armstrong,3,28,10285.0,5,2,1,521,Regular Customers
Guy Phonely,2,33,15403.0,5,3,3,533,Potential Loyalists
Guy Thornton,1,31,9061.0,5,3,1,531,Regular Customers
Hallie Redmond,14,26,15680.0,3,1,3,313,Regular Customers
Harold Dahlen,43,36,20070.0,1,4,5,145,At Risk
Harold Engle,7,35,10993.0,4,4,1,441,Loyal Customers
Harold Pawlan,31,29,8517.0,2,2,1,221,Lost Customers
Harold Ryan,52,24,10034.0,1,1,1,111,Lost Customers
Harry Greene,13,39,24217.0,4,5,5,455,Champions
Harry Marie,2,41,28477.0,5,5,5,555,Champions
Heather Jas,6,38,15435.0,5,5,3,553,Loyal Customers
Heather Kirkland,44,33,15541.0,1,3,3,133,At Risk
Helen Abelman,14,28,16930.0,3,2,4,324,Regular Customers
Helen Andreada,21,31,10414.0,3,3,1,331,Regular Customers
Helen Wasserman,35,35,18372.0,2,4,4,244,At Risk
Henia Zydlo,36,28,12487.0,2,2,2,222,Lost Customers
Henry Goldwyn,24,39,17168.0,2,5,4,254,At Risk
Henry MacAllister,26,34,17128.0,2,4,4,244,At Risk
Herbert Flentye,15,36,11813.0,3,4,2,342,Regular Customers
Hilary Holden,55,27,15229.0,1,1,3,113,Regular Customers
Hunter Glantz,7,36,16214.0,4,4,3,443,Loyal Customers
Hunter Lopez,31,24,30246.0,2,1,5,215,Regular Customers
Ionia McGrath,16,22,9480.0,3,1,1,311,Regular Customers
Irene Maddox,41,34,19919.0,1,4,4,144,At Risk
Ivan Gibson,2,37,16151.0,5,4,3,543,Loyal Customers
Ivan Liston,117,32,12853.0,1,3,2,132,At Risk
Jack Garza,6,28,15708.0,5,2,3,523,Potential Loyalists
Jack Lebron,9,40,18673.0,4,5,4,454,Loyal Customers
Jack O'Briant,6,29,13348.0,5,2,2,522,Regular Customers
James Galang,2,40,21554.0,5,5,5,555,Champions
James Lanier,7,32,14847.0,4,3,3,433,Potential Loyalists
Jamie Frazer,7,36,20576.0,4,4,5,445,Loyal Customers
Jamie Kunitz,62,29,12533.0,1,2,2,122,Lost Customers
Jane Waco,13,40,30288.0,4,5,5,455,Champions
Janet Lee,2,28,20479.0,5,2,5,525,Potential Loyalists
Janet Martin,7,29,18017.0,4,2,4,424,Potential Loyalists
Janet Molinari,38,33,16168.0,1,3,3,133,At Risk
Jas O'Carroll,15,25,8819.0,3,1,1,311,Regular Customers
Jason Fortune-,57,32,22817.0,1,3,5,135,At Risk
Jason Gross,3,29,13570.0,5,2,2,522,Regular Customers
Jason Klamczynski,78,31,17200.0,1,3,4,134,At Risk
Jasper Cacioppo,35,35,18443.0,2,4,4,244,At Risk
Jay Fein,14,31,10818.0,3,3,1,331,Regular Customers
Jay Kimmel,2,33,13401.0,5,3,2,532,Regular Customers
Jenna Caffey,9,34,16161.0,4,4,3,443,Loyal Customers
Jennifer Braxton,8,41,15258.0,4,5,3,453,Loyal Customers
Jennifer Ferguson,3,34,22947.0,5,4,5,545,Champions
Jennifer Halladay,6,40,12692.0,5,5,2,552,Loyal Customers
Jennifer Jackson,20,25,12191.0,3,1,2,312,Regular Customers
Jennifer Patt,37,36,14212.0,2,4,3,243,At Risk
Jeremy Ellison,28,30,6818.0,2,2,1,221,Lost Customers
Jeremy Farry,5,37,10722.0,5,4,1,541,Loyal Customers
Jeremy Lonsdale,31,25,11362.0,2,1,1,211,Lost Customers
Jeremy Pistek,9,30,18659.0,4,2,4,424,Potential Loyalists
Jessica Myrick,15,25,7789.0,3,1,1,311,Regular Customers
Jesus Ocampo,13,28,8209.0,4,2,1,421,Regular Customers
Jill Fjeld,2,35,23621.0,5,4,5,545,Champions
Jill Matthias,1,29,14181.0,5,2,3,523,Potential Loyalists
Jill Stevenson,6,24,10142.0,5,1,1,511,Regular Customers
Jim Epp,43,32,13952.0,1,3,3,133,At Risk
Jim Karlsson,2,35,17121.0,5,4,4,544,Loyal Customers
Jim Kriz,1,30,13071.0,5,2,2,522,Regular Customers
Jim Mitchum,9,42,19899.0,4,5,4,454,Loyal Customers
Jim Radford,13,26,15925.0,4,1,3,413,Potential Loyalists
Jim Sink,41,31,16281.0,1,3,3,133,At Risk
Jocasta Rupert,8,24,11242.0,4,1,1,411,Regular Customers
Joe Elijah,10,43,22452.0,4,5,5,455,Champions
Joe Kamberova,49,40,26689.0,1,5,5,155,At Risk
Joel Eaton,33,42,21905.0,2,5,5,255,At Risk
Joel Jenkins,3,34,19993.0,5,4,5,545,Champions
John Castell,2,30,12298.0,5,2,2,522,Regular Customers
John Dryer,16,29,11591.0,3,2,2,322,Regular Customers
John Grady,1,40,22219.0,5,5,5,555,Champions
John Huston,14,38,25947.0,3,5,5,355,Regular Customers
John Lee,22,37,25979.0,3,4,5,345,Regular Customers
John Lucas,45,26,10503.0,1,1,1,111,Lost Customers
John Murray,69,35,22386.0,1,4,5,145,At Risk
John Stevenson,12,26,12189.0,4,1,2,412,Regular Customers
Jonathan Doherty,3,38,19481.0,5,5,4,554,Champions
Jonathan Howell,41,40,16544.0,1,5,4,154,At Risk
Joni Blumstein,10,27,13339.0,4,1,2,412,Regular Customers
Joni Sundaresam,6,28,6809.0,5,2,1,521,Regular Customers
Joni Wasserman,6,32,10949.0,5,3,1,531,Regular Customers
Joseph Airdo,1,32,18169.0,5,3,4,534,Potential Loyalists
Joseph Holt,12,45,20939.0,4,5,5,455,Champions
Joy Bell-,2,39,24011.0,5,5,5,555,Champions
Joy Daniels,43,32,11346.0,1,3,1,131,At Risk
Joy Smith,22,36,20793.0,3,4,5,345,Regular Customers
Julia Barnett,1,34,17087.0,5,4,4,544,Loyal Customers
Julia Dunbar,66,28,11228.0,1,2,1,121,Lost Customers
Julia West,2,29,20598.0,5,2,5,525,Potential Loyalists
Juliana Krohn,9,38,23136.0,4,5,5,455,Champions
Julie Creighton,58,34,14996.0,1,4,3,143,At Risk
Julie Kriz,98,32,15648.0,1,3,3,133,At Risk
Julie Prescott,27,42,14594.0,2,5,3,253,At Risk
Justin Deggeller,1,34,23618.0,5,4,5,545,Champions
Justin Ellison,21,28,12910.0,3,2,2,322,Regular Customers
Justin Hirsh,28,40,23918.0,2,5,5,255,At Risk
Justin MacKendrick,13,33,9027.0,4,3,1,431,Regular Customers
Justin Ritter,19,27,13625.0,3,1,2,312,Regular Customers
Kalyca Meade,1,21,8643.0,5,1,1,511,Regular Customers
Karen Bern,5,34,11846.0,5,4,2,542,Loyal Customers
Karen Carlisle,45,35,10416.0,1,4,1,141,At Risk
Karen Daniels,37,30,24018.0,2,2,5,225,Regular Customers
Karen Ferguson,33,30,18267.0,2,2,4,224,Regular Customers
Karen Seio,36,25,5325.0,2,1,1,211,Lost Customers
Karl Braun,3,40,17494.0,5,5,4,554,Champions
Katharine Harms,17,39,18414.0,3,5,4,354,Regular Customers
Katherine Ducich,42,21,11696.0,1,1,2,112,Lost Customers
Katherine Hughes,2,35,12210.0,5,4,2,542,Loyal Customers
Katherine Murray,3,33,18522.0,5,3,4,534,Potential Loyalists
Katherine Nockton,20,32,19669.0,3,3,4,334,Regular Customers
Katrina Bavinger,20,31,14027.0,3,3,3,333,Regular Customers
Katrina Edelman,27,35,13553.0,2,4,2,242,At Risk
Katrina Willman,27,27,15747.0,2,1,3,213,Regular Customers
Kean Nguyen,38,34,18064.0,1,4,4,144,At Risk
Kean Takahito,44,39,17257.0,1,5,4,154,At Risk
Kean Thornton,28,27,8362.0,2,1,1,211,Lost Customers
Keith Dawkins,47,40,26451.0,1,5,5,155,At Risk
Keith Herrera,16,33,16890.0,3,3,4,334,Regular Customers
Kelly Andreada,17,42,18876.0,3,5,4,354,Regular Customers
Kelly Collister,34,32,19401.0,2,3,4,234,At Risk
Kelly Lampkin,16,33,14248.0,3,3,3,333,Regular Customers
Kelly Williams,23,40,11833.0,3,5,2,352,Regular Customers
Ken Black,94,29,16602.0,1,2,4,124,Regular Customers
Ken Brennan,2,36,11465.0,5,4,1,541,Loyal Customers
Ken Dana,76,27,12553.0,1,1,2,112,Lost Customers
Ken Heidel,9,32,9021.0,4,3,1,431,Regular Customers
Ken Lonsdale,1,33,24127.0,5,3,5,535,Potential Loyalists
Khloe Miller,16,32,10973.0,3,3,1,331,Regular Customers
Kimberly Carter,3,26,13923.0,5,1,2,512,Regular Customers
Kristen Hastings,3,46,19856.0,5,5,4,554,Champions
Kristina Nunn,99,24,10715.0,1,1,1,111,Lost Customers
Kunst Miller,29,26,16968.0,2,1,4,214,Regular Customers
Larry Blacks,10,36,14583.0,4,4,3,443,Loyal Customers
Larry Hughes,13,27,8693.0,4,1,1,411,Regular Customers
Larry Tron,7,34,18619.0,4,4,4,444,Loyal Customers
Laura Armstrong,2,46,27864.0,5,5,5,555,Champions
Laurel Beltran,40,39,26387.0,1,5,5,155,At Risk
Laurel Elliston,15,30,11477.0,3,2,1,321,Regular Customers
Laurel Workman,23,31,10873.0,3,3,1,331,Regular Customers
Lauren Leatherbury,27,35,14939.0,2,4,3,243,At Risk
Lela Donovan,43,38,16181.0,1,5,3,153,At Risk
Lena Cacioppo,24,29,11078.0,2,2,1,221,Lost Customers
Lena Creighton,17,38,18889.0,3,5,4,354,Regular Customers
Lena Hernandez,22,32,12941.0,3,3,2,332,Regular Customers
Lena Radford,27,29,22903.0,2,2,5,225,Regular Customers
Linda Cazamias,42,35,16738.0,1,4,4,144,At Risk
Linda Southworth,7,32,13145.0,4,3,2,432,Regular Customers
Lindsay Castell,3,30,14301.0,5,2,3,523,Potential Loyalists
Lindsay Shagiari,21,27,9366.0,3,1,1,311,Regular Customers
Lindsay Williams,15,34,10982.0,3,4,1,341,Regular Customers
Lisa DeCherney,44,33,11824.0,1,3,2,132,At Risk
Lisa Hazard,42,21,9164.0,1,1,1,111,Lost Customers
Lisa Ryan,46,35,18799.0,1,4,4,144,At Risk
Liz Carlisle,5,30,20127.0,5,2,5,525,Potential Loyalists
Liz MacKendrick,8,22,15531.0,4,1,3,413,Potential Loyalists
Liz Pelletier,41,31,9465.0,1,3,1,131,At Risk
Liz Preis,1,30,16611.0,5,2,4,524,Potential Loyalists
Liz Thompson,35,32,21217.0,2,3,5,235,At Risk
Liz Willingham,34,25,8045.0,2,1,1,211,Lost Customers
Logan Currie,14,36,16082.0,3,4,3,343,Regular Customers
Logan Haushalter,76,37,17288.0,1,4,4,144,At Risk
Lori Olson,3,35,13541.0,5,4,2,542,Loyal Customers
Luke Foster,23,27,13422.0,3,1,2,312,Regular Customers
Luke Schmidt,16,28,15599.0,3,2,3,323,Regular Customers
Luke Weiss,22,29,12051.0,3,2,2,322,Regular Customers
Lycoris Saunders,5,34,11739.0,5,4,2,542,Loyal Customers
Lynn Smith,35,30,11713.0,2,2,2,222,Lost Customers
Magdelene Morse,5,31,21226.0,5,3,5,535,Potential Loyalists
Marc Crier,45,39,15988.0,1,5,3,153,At Risk
Marc Harrigan,38,28,15401.0,1,2,3,123,Regular Customers
Maria Bertelson,2,35,21607.0,5,4,5,545,Champions
Maria Etezadi,6,40,26252.0,5,5,5,555,Champions
Maria Zettner,22,31,17960.0,3,3,4,334,Regular Customers
Maribeth Dona,27,36,17829.0,2,4,4,244,At Risk
Maribeth Schnelling,6,39,21681.0,5,5,5,555,Champions
Maribeth Yedwab,30,32,16472.0,2,3,4,234,At Risk
Marina Lichtenstein,1,32,15555.0,5,3,3,533,Potential Loyalists
Maris LaWare,34,33,15175.0,2,3,3,233,At Risk
Mark Cousins,24,35,16548.0,2,4,4,244,At Risk
Mark Haberlin,9,33,11304.0,4,3,1,431,Regular Customers
Mark Hamilton,55,37,14724.0,1,4,3,143,At Risk
Mark Packer,6,30,12987.0,5,2,2,522,Regular Customers
Mark Van Huff,17,32,11518.0,3,3,1,331,Regular Customers
Mary O'Rourke,37,29,11126.0,2,2,1,221,Lost Customers
Mary Zewe,24,34,16577.0,2,4,4,244,At Risk
MaryBeth Skach,16,33,14790.0,3,3,3,333,Regular Customers
Mathew Reese,98,29,21575.0,1,2,5,125,Regular Customers
Matt Abelman,65,28,12447.0,1,2,2,122,Lost Customers
Matt Collins,10,41,17897.0,4,5,4,454,Loyal Customers
Matt Collister,52,28,11674.0,1,2,2,122,Lost Customers
Matt Connell,50,28,13230.0,1,2,2,122,Lost Customers
Matt Hagelstein,24,27,12217.0,2,1,2,212,Lost Customers
Matthew Clasen,6,38,21805.0,5,5,5,555,Champions
Matthew Grinstein,20,22,13017.0,3,1,2,312,Regular Customers
Maureen Fritzler,49,32,13529.0,1,3,2,132,At Risk
Maureen Gastineau,37,37,20363.0,2,4,5,245,At Risk
Maureen Gnade,1,32,18326.0,5,3,4,534,Potential Loyalists
Maurice Satty,30,34,10031.0,2,4,1,241,At Risk
Max Engle,12,39,9924.0,4,5,1,451,Loyal Customers
Max Jones,22,30,16486.0,3,2,4,324,Regular Customers
Max Ludwig,2,35,15534.0,5,4,3,543,Loyal Customers
Maxwell Schwartz,35,42,17928.0,2,5,4,254,At Risk
Maya Herman,1,35,13592.0,5,4,2,542,Loyal Customers
Meg O'Connel,7,34,18003.0,4,4,4,444,Loyal Customers
Meg Tillman,50,33,15346.0,1,3,3,133,At Risk
Melanie Seite,5,34,16104.0,5,4,3,543,Loyal Customers
Michael Chen,2,35,15939.0,5,4,3,543,Loyal Customers
Michael Dominguez,37,33,22427.0,2,3,5,235,At Risk
Michael Grace,6,34,14532.0,5,4,3,543,Loyal Customers
Michael Granlund,6,30,13185.0,5,2,2,522,Regular Customers
Michael Kennedy,22,42,14447.0,3,5,3,353,Regular Customers
Michael Moore,8,39,21730.0,4,5,5,455,Champions
Michael Nguyen,9,27,15047.0,4,1,3,413,Potential Loyalists
Michael Oakman,7,17,5464.0,4,1,1,411,Regular Customers
Michael Paige,28,47,17796.0,2,5,4,254,At Risk
Michael Stewart,7,32,17869.0,4,3,4,434,Potential Loyalists
Michelle Arnett,17,33,11933.0,3,3,2,332,Regular Customers
Michelle Ellison,43,28,10708.0,1,2,1,121,Lost Customers
Michelle Huthwaite,15,28,12851.0,3,2,2,322,Regular Customers
Michelle Lonsdale,8,26,10367.0,4,1,1,411,Regular Customers
Michelle Moray,16,33,13089.0,3,3,2,332,Regular Customers
Michelle Tran,128,31,17779.0,1,3,4,134,At Risk
Mick Brown,12,38,16451.0,4,5,4,454,Loyal Customers
Mick Crebagga,42,36,12014.0,1,4,2,142,At Risk
Mick Hernandez,6,33,13275.0,5,3,2,532,Regular Customers
Mike Caudle,52,28,9355.0,1,2,1,121,Lost Customers
Mike Gockenbach,3,27,23378.0,5,1,5,515,Potential Loyalists
Mike Kennedy,23,30,12741.0,3,2,2,322,Regular Customers
Mike Pelletier,17,42,24216.0,3,5,5,355,Regular Customers
Mike Vittorini,8,38,19572.0,4,5,4,454,Loyal Customers
Mitch Gastineau,2,36,18010.0,5,4,4,544,Loyal Customers
Mitch Webber,18,36,23070.0,3,4,5,345,Regular Customers
Mitch Willingham,1,30,19008.0,5,2,4,524,Potential Loyalists
Monica Federle,8,38,21944.0,4,5,5,455,Champions
Muhammed Lee,9,35,15851.0,4,4,3,443,Loyal Customers
Muhammed MacIntyre,13,35,10720.0,4,4,1,441,Loyal Customers
Muhammed Yedwab,1,39,29644.0,5,5,5,555,Champions
Nancy Lomonaco,26,27,10840.0,2,1,1,211,Lost Customers
Naresj Patel,2,33,13118.0,5,3,2,532,Regular Customers
Nat Carroll,6,31,16613.0,5,3,4,534,Potential Loyalists
Nat Gilpin,49,28,12015.0,1,2,2,122,Lost Customers
Natalie DeCherney,13,29,13709.0,4,2,2,422,Regular Customers
Natalie Fritzler,2,43,31778.0,5,5,5,555,Champions
Natalie Webber,118,33,22374.0,1,3,5,135,At Risk
Nathan Cano,40,24,10759.0,1,1,1,111,Lost Customers
Nathan Gelder,19,36,22721.0,3,4,5,345,Regular Customers
Nathan Mautz,31,41,24278.0,2,5,5,255,At Risk
Neil Ducich,6,32,14780.0,5,3,3,533,Potential Loyalists
Neil Französisch,7,29,12649.0,4,2,2,422,Regular Customers
Neil Knudson,27,28,13875.0,2,2,2,222,Lost Customers
Neola Schneider,7,30,15801.0,4,2,3,423,Potential Loyalists
Neoma Murray,20,28,13872.0,3,2,2,322,Regular Customers
Nick Crebassa,7,29,12302.0,4,2,2,422,Regular Customers
Nick Radford,3,34,12891.0,5,4,2,542,Loyal Customers
Nick Zandusky,86,30,20271.0,1,2,5,125,Regular Customers
Nicole Brennan,429,17,5935.0,1,1,1,111,Lost Customers
Nicole Fjeld,12,27,12268.0,4,1,2,412,Regular Customers
Nicole Hansen,6,28,21304.0,5,2,5,525,Potential Loyalists
Noah Childs,21,31,17346.0,3,3,4,334,Regular Customers
Noel Staavos,37,45,16643.0,2,5,4,254,At Risk
Nona Balk,20,27,10082.0,3,1,1,311,Regular Customers
Nora Paige,59,25,15714.0,1,1,3,113,Regular Customers
Nora Pelletier,15,34,16358.0,3,4,3,343,Regular Customers
Nora Preis,29,33,15921.0,2,3,3,233,At Risk
Odella Nelson,48,38,19273.0,1,5,4,154,At Risk
Olvera Toch,34,36,19759.0,2,4,4,244,At Risk
Pamela Coakley,3,26,11940.0,5,1,2,512,Regular Customers
Pamela Stobb,30,33,17635.0,2,3,4,234,At Risk
Parhena Norris,16,38,12893.0,3,5,2,352,Regular Customers
Patricia Hirasaki,58,27,11182.0,1,1,1,111,Lost Customers
Patrick Bzostek,9,28,14858.0,4,2,3,423,Potential Loyalists
Patrick Gardner,21,41,16481.0,3,5,4,354,Regular Customers
Patrick Jones,40,25,14442.0,1,1,3,113,Regular Customers
Patrick O'Brill,5,45,26712.0,5,5,5,555,Champions
Patrick O'Donnell,1,41,24025.0,5,5,5,555,Champions
Patrick Ryan,26,34,14330.0,2,4,3,243,At Risk
Paul Gonzalez,3,34,15922.0,5,4,3,543,Loyal Customers
Paul Knutson,99,20,8232.0,1,1,1,111,Lost Customers
Paul Lucas,16,23,15015.0,3,1,3,313,Regular Customers
Paul MacIntyre,22,32,14346.0,3,3,3,333,Regular Customers
Paul Prost,15,33,22247.0,3,3,5,335,Regular Customers
Paul Stevenson,28,37,19620.0,2,5,4,254,At Risk
Paul Van Hugh,9,34,18932.0,4,4,4,444,Loyal Customers
Pauline Chand,22,22,10633.0,3,1,1,311,Regular Customers
Pauline Johnson,20,30,15845.0,3,2,3,323,Regular Customers
Pauline Webber,8,38,13888.0,4,5,2,452,Loyal Customers
Penelope Sewall,21,33,30083.0,3,3,5,335,Regular Customers
Pete Armstrong,24,27,10395.0,2,1,1,211,Lost Customers
Pete Kriz,9,32,18657.0,4,3,4,434,Potential Loyalists
Pete Takahito,3,30,13054.0,5,2,2,522,Regular Customers
Peter Bühler,1,20,9897.0,5,1,1,511,Regular Customers
Peter Fuller,84,38,29876.0,1,5,5,155,At Risk
Peter McVee,13,28,11288.0,4,2,1,421,Regular Customers
Philip Brown,6,43,11386.0,5,5,1,551,Loyal Customers
Philip Fox,35,43,18031.0,2,5,4,254,At Risk
Philisse Overcash,30,33,17984.0,2,3,4,234,At Risk
Phillina Ober,34,29,19099.0,2,2,4,224,Regular Customers
Phillip Breyer,9,34,24269.0,4,4,5,445,Loyal Customers
Phillip Flathmann,3,37,13392.0,5,5,2,552,Loyal Customers
Pierre Wener,2,31,8422.0,5,3,1,531,Regular Customers
Quincy Jones,26,28,18585.0,2,2,4,224,Regular Customers
Rachel Payne,8,32,14998.0,4,3,3,433,Potential Loyalists
Ralph Arnett,6,38,23044.0,5,5,5,555,Champions
Ralph Kennedy,29,30,13998.0,2,2,3,223,Regular Customers
Ralph Ritter,20,25,13584.0,3,1,2,312,Regular Customers
Randy Bradley,16,40,22898.0,3,5,5,355,Regular Customers
Randy Ferguson,7,32,16598.0,4,3,4,434,Potential Loyalists
Raymond Buch,21,29,29601.0,3,2,5,325,Regular Customers
Raymond Messe,10,32,18317.0,4,3,4,434,Potential Loyalists
Resi Pölking,16,41,22053.0,3,5,5,355,Regular Customers
Ricardo Emerson,29,27,14039.0,2,1,3,213,Regular Customers
Ricardo Sperren,34,35,14432.0,2,4,3,243,At Risk
Richard Bierner,20,34,14797.0,3,4,3,343,Regular Customers
Richard Eichhorn,16,30,16340.0,3,2,3,323,Regular Customers
Rick Bensley,1,39,20854.0,5,5,5,555,Champions
Rick Duston,1,33,17546.0,5,3,4,534,Potential Loyalists
Rick Hansen,25,31,16356.0,2,3,3,233,At Risk
Rick Huthwaite,21,32,13438.0,3,3,2,332,Regular Customers
Rick Reed,1,34,16382.0,5,4,4,544,Loyal Customers
Rick Wilson,27,32,25125.0,2,3,5,235,At Risk
Ritsa Hightower,8,29,17695.0,4,2,4,424,Potential Loyalists
Rob Beeghly,21,30,11549.0,3,2,2,322,Regular Customers
Rob Dowd,26,38,21482.0,2,5,5,255,At Risk
Rob Haberlin,7,29,7970.0,4,2,1,421,Regular Customers
Rob Lucas,121,31,17289.0,1,3,4,134,At Risk
Rob Williams,78,28,9988.0,1,2,1,121,Lost Customers
Robert Barroso,151,25,6256.0,1,1,1,111,Lost Customers
Robert Dilbeck,28,30,16344.0,2,2,3,223,Regular Customers
Robert Marley,5,27,12868.0,5,1,2,512,Regular Customers
Robert Waldorf,16,33,12596.0,3,3,2,332,Regular Customers
Roger Barcio,17,28,15304.0,3,2,3,323,Regular Customers
Roger Demir,22,38,14738.0,3,5,3,353,Regular Customers
Roland Fjeld,2,26,13090.0,5,1,2,512,Regular Customers
Roland Murray,17,26,7403.0,3,1,1,311,Regular Customers
Roland Schwarz,37,31,15108.0,2,3,3,233,At Risk
Rose O'Brian,5,38,21912.0,5,5,5,555,Champions
Ross Baird,31,40,19314.0,2,5,4,254,At Risk
Ross DeVincentis,15,37,10302.0,3,5,1,351,Regular Customers
Roy Collins,119,26,7956.0,1,1,1,111,Lost Customers
Roy Französisch,7,37,15652.0,4,5,3,453,Loyal Customers
Roy Phan,22,33,14610.0,3,3,3,333,Regular Customers
Roy Skaria,20,28,8121.0,3,2,1,321,Regular Customers
Ruben Ausman,44,31,15939.0,1,3,3,133,At Risk
Ruben Dartt,33,39,18320.0,2,5,4,254,At Risk
Russell Applegate,13,29,21398.0,4,2,5,425,Potential Loyalists
Russell D'Ascenzo,29,33,15819.0,2,3,3,233,At Risk
Ryan Akin,2,32,13742.0,5,3,2,532,Regular Customers
Ryan Crowe,23,27,9539.0,3,1,1,311,Regular Customers
Sally Hughsby,26,37,18951.0,2,5,4,254,At Risk
Sally Knutson,9,26,13292.0,4,1,2,412,Regular Customers
Sally Matthias,105,30,13063.0,1,2,2,122,Lost Customers
Sam Craven,9,38,11056.0,4,5,1,451,Loyal Customers
Sam Zeldin,14,41,16361.0,3,5,3,353,Regular Customers
Sample Company A,41,37,19129.0,1,5,4,154,At Risk
Sandra Flanagan,59,29,11259.0,1,2,1,121,Lost Customers
Sandra Glassco,4,23,11853.0,5,1,2,512,Regular Customers
Sanjit Chand,76,35,26524.0,1,4,5,145,At Risk
Sanjit Engle,10,39,30143.0,4,5,5,455,Champions
Sanjit Jacobs,33,39,13521.0,2,5,2,252,At Risk
Saphhira Shifley,16,39,23632.0,3,5,5,355,Regular Customers
Sara Luxemburg,30,46,16827.0,2,5,4,254,At Risk
Sarah Bern,3,20,14603.0,5,1,3,513,Potential Loyalists
Sarah Brown,75,38,22300.0,1,5,5,155,At Risk
Sarah Foster,6,36,15659.0,5,4,3,543,Loyal Customers
Sarah Jordon,29,41,16070.0,2,5,3,253,At Risk
Scot Coram,17,28,22129.0,3,2,5,325,Regular Customers
Scot Wooten,13,30,15479.0,4,2,3,423,Potential Loyalists
Scott Cohen,1,33,12537.0,5,3,2,532,Regular Customers
Scott Williamson,22,38,17044.0,3,5,4,354,Regular Customers
Sean Braxton,42,27,20514.0,1,1,5,115,Regular Customers
Sean Christensen,17,33,20907.0,3,3,5,335,Regular Customers
Sean Miller,22,28,35170.0,3,2,5,325,Regular Customers
Sean O'Donnell,30,31,16366.0,2,3,3,233,At Risk
Sean Wendt,13,30,8168.0,4,2,1,421,Regular Customers
Seth Vernon,88,36,23640.0,1,4,5,145,At Risk
Shahid Collister,31,41,17678.0,2,5,4,254,At Risk
Shahid Hopkins,24,37,12979.0,2,5,2,252,At Risk
Shahid Shariari,27,37,18107.0,2,5,4,254,At Risk
Sharelle Roach,9,24,13005.0,4,1,2,412,Regular Customers
Shaun Chance,10,29,9610.0,4,2,1,421,Regular Customers
Shaun Weien,8,31,8247.0,4,3,1,431,Regular Customers
Sheri Gordon,91,31,13818.0,1,3,2,132,At Risk
Shirley Daniels,16,40,17959.0,3,5,4,354,Regular Customers
Shirley Jackson,176,29,13385.0,1,2,2,122,Lost Customers
Shirley Schmidt,1,22,7903.0,5,1,1,511,Regular Customers
Shui Tom,7,38,15006.0,4,5,3,453,Loyal Customers
Sibella Parks,17,24,7221.0,3,1,1,311,Regular Customers
Skye Norling,14,31,14225.0,3,3,3,333,Regular Customers
Sonia Cooley,28,35,10012.0,2,4,1,241,At Risk
Sonia Sunley,6,29,13118.0,5,2,2,522,Regular Customers
Speros Goranitis,76,38,12948.0,1,5,2,152,At Risk
Stefania Perrino,6,36,19418.0,5,4,4,544,Loyal Customers
Stefanie Holloman,31,29,14205.0,2,2,3,223,Regular Customers
Stephanie Phelps,21,30,11151.0,3,2,1,321,Regular Customers
Stephanie Ulpright,5,29,10779.0,5,2,1,521,Regular Customers
Steve Carroll,22,35,19823.0,3,4,4,344,Regular Customers
Steve Chapman,10,39,23401.0,4,5,5,455,Champions
Steve Nguyen,45,28,13404.0,1,2,2,122,Lost Customers
Steven Cartwright,8,37,16918.0,4,5,4,454,Loyal Customers
Steven Roelle,22,37,19374.0,3,5,4,354,Regular Customers
Steven Ward,16,38,25669.0,3,5,5,355,Regular Customers
Stewart Carmichael,41,39,16529.0,1,5,4,154,At Risk
Stewart Visinsky,22,34,17232.0,3,4,4,344,Regular Customers
Stuart Calhoun,31,26,11409.0,2,1,1,211,Lost Customers
Stuart Van,9,33,22308.0,4,3,5,435,Potential Loyalists
Sue Ann Reed,11,40,16494.0,4,5,4,454,Loyal Customers
Sung Chung,9,28,11265.0,4,2,1,421,Regular Customers
Sung Pak,55,28,13496.0,1,2,2,122,Lost Customers
Sung Shariari,15,25,5331.0,3,1,1,311,Regular Customers
Susan Gilcrest,17,28,12686.0,3,2,2,322,Regular Customers
Susan MacKendrick,38,22,8634.0,1,1,1,111,Lost Customers
Susan Pistek,7,32,29020.0,4,3,5,435,Potential Loyalists
Susan Vittorini,1,31,15689.0,5,3,3,533,Potential Loyalists
Suzanne McNair,26,38,12888.0,2,5,2,252,At Risk
Sylvia Foulston,49,23,9257.0,1,1,1,111,Lost Customers
Tamara Chand,28,36,37453.0,2,4,5,245,At Risk
Tamara Dahlen,1,28,7704.0,5,2,1,521,Regular Customers
Tamara Manning,65,30,14461.0,1,2,3,123,Regular Customers
Tamara Willingham,20,35,14256.0,3,4,3,343,Regular Customers
Tanja Norvell,23,31,9595.0,3,3,1,331,Regular Customers
Ted Butterfield,36,32,16030.0,2,3,3,233,At Risk
Ted Trevino,15,33,17245.0,3,3,4,334,Regular Customers
Thais Sissman,42,27,6787.0,1,1,1,111,Lost Customers
Thea Hendricks,7,31,15541.0,4,3,3,433,Potential Loyalists
Thea Hudgings,44,31,15353.0,1,3,3,133,At Risk
Theone Pippenger,3,43,23965.0,5,5,5,555,Champions
Theresa Coyne,12,35,22219.0,4,4,5,445,Loyal Customers
Theresa Swint,9,27,7936.0,4,1,1,411,Regular Customers
Thomas Boland,40,31,17427.0,1,3,4,134,At Risk
Thomas Brumley,50,21,11805.0,1,1,2,112,Lost Customers
Thomas Seio,27,35,14530.0,2,4,3,243,At Risk
Thomas Thornton,6,31,15055.0,5,3,3,533,Potential Loyalists
Tiffany House,9,36,16804.0,4,4,4,444,Loyal Customers
Tim Brockman,2,43,19103.0,5,5,4,554,Champions
Tim Taslimi,2,29,9780.0,5,2,1,521,Regular Customers
Toby Braunhardt,58,35,11699.0,1,4,2,142,At Risk
Toby Carlisle,13,34,20126.0,4,4,5,445,Loyal Customers
Toby Gnade,15,35,13021.0,3,4,2,342,Regular Customers
Toby Ritter,2,26,12427.0,5,1,2,512,Regular Customers
Toby Swindell,9,36,18632.0,4,4,4,444,Loyal Customers
Todd Boyes,15,28,9647.0,3,2,1,321,Regular Customers
Todd Sumrall,19,37,27775.0,3,5,5,355,Regular Customers
Tom Ashbrook,9,30,40489.0,4,2,5,425,Potential Loyalists
Tom Boeckenhauer,26,35,24480.0,2,4,5,245,At Risk
Tom Prescott,49,26,12874.0,1,1,2,112,Lost Customers
Tom Stivers,20,29,15345.0,3,2,3,323,Regular Customers
Tom Zandusky,9,35,15348.0,4,4,3,443,Loyal Customers
Tonja Turnell,13,40,20085.0,4,5,5,455,Champions
Tony Chapman,2,38,12633.0,5,5,2,552,Loyal Customers
Tony Molinari,41,35,15973.0,1,4,3,143,At Risk
Tony Sayre,12,31,19734.0,4,3,4,434,Potential Loyalists
Tracy Blumstein,19,45,20704.0,3,5,5,355,Regular Customers
Tracy Collins,1,34,11099.0,5,4,1,541,Loyal Customers
Tracy Hopkins,6,31,13095.0,5,3,2,532,Regular Customers
Tracy Poddar,15,35,13289.0,3,4,2,342,Regular Customers
Tracy Zic,36,24,10860.0,2,1,1,211,Lost Customers
Troy Blackwell,29,30,9187.0,2,2,1,221,Lost Customers
Troy Staebel,21,35,22579.0,3,4,5,345,Regular Customers
Trudy Brown,31,36,15078.0,2,4,3,243,At Risk
Trudy Glocke,6,42,18883.0,5,5,4,554,Champions
Trudy Schmidt,85,30,9980.0,1,2,1,121,Lost Customers
Valerie Dominguez,1,30,15987.0,5,2,3,523,Potential Loyalists
Valerie Mitchum,14,38,14567.0,3,5,3,353,Regular Customers
Valerie Takahito,8,32,19368.0,4,3,4,434,Potential Loyalists
Vicky Freymann,14,28,12600.0,3,2,2,322,Regular Customers
Victor Preis,29,33,12063.0,2,3,2,232,At Risk
Victoria Brennan,5,25,10745.0,5,1,1,511,Regular Customers
Victoria Pisteka,76,31,18554.0,1,3,4,134,At Risk
Victoria Wilson,7,35,17039.0,4,4,4,444,Loyal Customers
Vivek Gonzalez,111,31,10296.0,1,3,1,131,At Risk
Vivek Grady,3,27,23767.0,5,1,5,515,Potential Loyalists
Vivek Sundaresam,23,22,11413.0,3,1,1,311,Regular Customers
Vivian Mathis,9,23,3891.0,4,1,1,411,Regular Customers
William Brown,21,40,16886.0,3,5,4,354,Regular Customers
Xylona Preis,44,30,12202.0,1,2,2,122,Lost Customers
Yana Sorensen,5,32,20034.0,5,3,5,535,Potential Loyalists
Yoseph Carroll,5,31,20165.0,5,3,5,535,Potential Loyalists
Zuschuss Carroll,4,38,28485.0,5,5,5,555,Champions
Zuschuss Donatelli,2,29,12434.0,5,2,2,522,Regular Customers
